phase,seed,scenario,policy,trace_sha256,ledger_sha256,requests,accepted,qualified,admission_ratio,qualified_ratio,intrinsically_feasible,new_branch_requests,cold_blocked_rejections,created_floor,created_extra,released,mean_idle_vcpu,peak_vcpu,resource_violation_slots,peak_resource_violation_vcpu,peak_logical_new_violation,warm_slot_violation_total,concurrency_excess_requests,potential_payment,revenue,upload_cost,link_cost,inference_cost,profit,rejected_accuracy,rejected_deadline,rejected_strict_resource,rejected_nonpositive_residual,rejected_cold_deadline_no_instance,rejected_admission_control,runtime_seconds
development,1,high_tight,pd_theta_2,bd9064803d0775dbdbec0bd46057e8cd5ccc28942467b554a618f41cb3377a2f,e1fcea5d7e80c19db85036a00f0e1f0173ec869c224c984ad01b11e65291e04a,96,96,96,1.0,1.0,96,16,0,36,16,9,17.0,33.5,0,0.0,0.0,0,0,93.60000000000001,93.60000000000001,0.00038847716968681915,0.010464172185757693,9.83,83.75914735064457,0,0,0,0,0,0,0.15808970000000006
development,1,high_tight,pd_theta_4,bd9064803d0775dbdbec0bd46057e8cd5ccc28942467b554a618f41cb3377a2f,01e66a567d6cfc909dc6d115bf9630cf899449c5f8de0751d2dceb1ab7d5efc5,96,96,96,1.0,1.0,96,16,0,36,16,0,17.625,35.0,0,0.0,0.0,0,0,93.60000000000001,93.60000000000001,0.00038847716968681915,0.010464172185757693,9.83,83.75914735064457,0,0,0,0,0,0,0.1181624
development,1,high_tight,pd_theta_8,bd9064803d0775dbdbec0bd46057e8cd5ccc28942467b554a618f41cb3377a2f,01e66a567d6cfc909dc6d115bf9630cf899449c5f8de0751d2dceb1ab7d5efc5,96,96,96,1.0,1.0,96,16,0,36,16,0,17.625,35.0,0,0.0,0.0,0,0,93.60000000000001,93.60000000000001,0.00038847716968681915,0.010464172185757693,9.83,83.75914735064457,0,0,0,0,0,0,0.07191789999999998
development,1,high_tight,pd_theta_16,bd9064803d0775dbdbec0bd46057e8cd5ccc28942467b554a618f41cb3377a2f,01e66a567d6cfc909dc6d115bf9630cf899449c5f8de0751d2dceb1ab7d5efc5,96,96,96,1.0,1.0,96,16,0,36,16,0,17.625,35.0,0,0.0,0.0,0,0,93.60000000000001,93.60000000000001,0.00038847716968681915,0.010464172185757693,9.83,83.75914735064457,0,0,0,0,0,0,0.0661448
development,1,high_tight,pd_history,bd9064803d0775dbdbec0bd46057e8cd5ccc28942467b554a618f41cb3377a2f,0d13b437788ab44f128ccca72d8662a278017ce7fb8e55da2f7161af80ae3239,96,96,96,1.0,1.0,96,16,0,36,16,8,17.125,33.5,0,0.0,0.0,0,0,93.60000000000001,93.60000000000001,0.00038847716968681915,0.010464172185757693,9.83,83.75914735064457,0,0,0,0,0,0,0.06699239999999995
development,1,high_tight,no_control_interpretation,bd9064803d0775dbdbec0bd46057e8cd5ccc28942467b554a618f41cb3377a2f,e1fcea5d7e80c19db85036a00f0e1f0173ec869c224c984ad01b11e65291e04a,96,96,96,1.0,1.0,96,16,0,36,16,9,17.0,33.5,0,0.0,0.0,0,0,93.60000000000001,93.60000000000001,0.00038847716968681915,0.010464172185757693,9.83,83.75914735064457,0,0,0,0,0,0,0.08212839999999999
development,1,high_tight,no_pre_new_only,bd9064803d0775dbdbec0bd46057e8cd5ccc28942467b554a618f41cb3377a2f,f5be541f92da1d70d3edcb377c84dbe7c3e849f448686274f3a270f88816449f,96,50,50,0.5208333333333334,0.5208333333333334,96,50,46,0,31,31,0.0,4.5,0,0.0,0.0,0,0,93.60000000000001,20.0,0.0002185784195191655,0.011652286304502152,1.5,18.48812913527598,0,0,0,0,46,0,0.08042400000000005
development,1,high_tight,greedy_hard_cap,bd9064803d0775dbdbec0bd46057e8cd5ccc28942467b554a618f41cb3377a2f,297d3a0f563ce2d0ae2c9499d9232e4cdb1c75b57fc709c9f9fa5ab5ac559953,96,96,96,1.0,1.0,96,4,0,36,4,3,17.0,29.0,0,0.0,0.0,0,0,93.60000000000001,93.60000000000001,0.00038847716968681915,0.0026782285180519385,9.78,83.81693329431226,0,0,0,0,0,0,0.07074480000000005
development,1,high_loose,pd_theta_2,6fc6a71707df0b5a549a146d6e1034beffd5d2f2dab342626386eba55e9cc8be,73a3695ee0eede008d3b3d42c2a7e8bcc96bc7bdb82857354f519fbfef994817,96,96,96,1.0,1.0,96,15,0,36,14,8,17.0,36.0,0,0.0,0.0,0,0,66.0,66.0,0.00038847716968681915,0.011279225710597052,10.379999999999999,55.608332297119716,0,0,0,0,0,0,0.059060300000000066
development,1,high_loose,pd_theta_4,6fc6a71707df0b5a549a146d6e1034beffd5d2f2dab342626386eba55e9cc8be,5ca3273af29fabdab922e1002e1a9c5c311ebdbe8756e2f317023d24a87a3a21,96,96,96,1.0,1.0,96,15,0,36,14,0,17.75,39.0,0,0.0,0.0,0,0,66.0,66.0,0.00038847716968681915,0.011279225710597052,10.379999999999999,55.608332297119716,0,0,0,0,0,0,0.05716610000000011
development,1,high_loose,pd_theta_8,6fc6a71707df0b5a549a146d6e1034beffd5d2f2dab342626386eba55e9cc8be,5ca3273af29fabdab922e1002e1a9c5c311ebdbe8756e2f317023d24a87a3a21,96,96,96,1.0,1.0,96,15,0,36,14,0,17.75,39.0,0,0.0,0.0,0,0,66.0,66.0,0.00038847716968681915,0.011279225710597052,10.379999999999999,55.608332297119716,0,0,0,0,0,0,0.04970230000000009
development,1,high_loose,pd_theta_16,6fc6a71707df0b5a549a146d6e1034beffd5d2f2dab342626386eba55e9cc8be,5ca3273af29fabdab922e1002e1a9c5c311ebdbe8756e2f317023d24a87a3a21,96,96,96,1.0,1.0,96,15,0,36,14,0,17.75,39.0,0,0.0,0.0,0,0,66.0,66.0,0.00038847716968681915,0.011279225710597052,10.379999999999999,55.608332297119716,0,0,0,0,0,0,0.050718199999999936
development,1,high_loose,pd_history,6fc6a71707df0b5a549a146d6e1034beffd5d2f2dab342626386eba55e9cc8be,73a3695ee0eede008d3b3d42c2a7e8bcc96bc7bdb82857354f519fbfef994817,96,96,96,1.0,1.0,96,15,0,36,14,8,17.0,36.0,0,0.0,0.0,0,0,66.0,66.0,0.00038847716968681915,0.011279225710597052,10.379999999999999,55.608332297119716,0,0,0,0,0,0,0.05329080000000008
development,1,high_loose,no_control_interpretation,6fc6a71707df0b5a549a146d6e1034beffd5d2f2dab342626386eba55e9cc8be,73a3695ee0eede008d3b3d42c2a7e8bcc96bc7bdb82857354f519fbfef994817,96,96,96,1.0,1.0,96,15,0,36,14,8,17.0,36.0,0,0.0,0.0,0,0,66.0,66.0,0.00038847716968681915,0.011279225710597052,10.379999999999999,55.608332297119716,0,0,0,0,0,0,0.05996289999999993
development,1,high_loose,no_pre_new_only,6fc6a71707df0b5a549a146d6e1034beffd5d2f2dab342626386eba55e9cc8be,cfdcb0c2792126aa3f5ed3c91c2e7e766a4874ecd3fb481b1ba008ce0159671f,96,50,50,0.5208333333333334,0.5208333333333334,96,50,46,0,34,34,0.0,8.0,0,0.0,0.0,0,0,66.0,33.8,0.00018434268479646543,0.009355592853244563,8.4,25.39046006446196,0,0,0,0,46,0,0.05374380000000012
development,1,high_loose,greedy_hard_cap,6fc6a71707df0b5a549a146d6e1034beffd5d2f2dab342626386eba55e9cc8be,58626dd203f3e6619265db1483f1b31b3703d3a79adb4bac2be259367e20b3e0,96,96,96,1.0,1.0,96,10,0,36,9,5,19.5,34.0,0,0.0,0.0,0,0,66.0,66.0,0.00038847716968681915,0.0011286010122719243,9.78,56.21848292181804,0,0,0,0,0,0,0.052388699999999844
development,1,random,pd_theta_2,e2618bd5e17d173e8d64a18b6e0a8eca1239e123d17dd3fd56c0f440ef53ee48,58991d94a5f3ec2f0f1a760f341ba9290a359ef8eabdda4911882105f42687d5,96,96,96,1.0,1.0,96,16,0,36,16,8,17.125,36.0,0,0.0,0.0,0,0,78.0,78.0,0.00038847716968681915,0.009086836803779683,10.23,67.76052468602653,0,0,0,0,0,0,0.05539870000000002
development,1,random,pd_theta_4,e2618bd5e17d173e8d64a18b6e0a8eca1239e123d17dd3fd56c0f440ef53ee48,c22a9953b7f3e2f953ba43cf61cb02c516f2346c22a234beb0ff00c905b1371c,96,96,96,1.0,1.0,96,15,0,36,15,0,17.875,38.0,0,0.0,0.0,0,0,78.0,78.0,0.00038847716968681915,0.009086836803779683,10.23,67.76052468602653,0,0,0,0,0,0,0.05444099999999996
development,1,random,pd_theta_8,e2618bd5e17d173e8d64a18b6e0a8eca1239e123d17dd3fd56c0f440ef53ee48,c22a9953b7f3e2f953ba43cf61cb02c516f2346c22a234beb0ff00c905b1371c,96,96,96,1.0,1.0,96,15,0,36,15,0,17.875,38.0,0,0.0,0.0,0,0,78.0,78.0,0.00038847716968681915,0.009086836803779683,10.23,67.76052468602653,0,0,0,0,0,0,0.0531123
development,1,random,pd_theta_16,e2618bd5e17d173e8d64a18b6e0a8eca1239e123d17dd3fd56c0f440ef53ee48,c22a9953b7f3e2f953ba43cf61cb02c516f2346c22a234beb0ff00c905b1371c,96,96,96,1.0,1.0,96,15,0,36,15,0,17.875,38.0,0,0.0,0.0,0,0,78.0,78.0,0.00038847716968681915,0.009086836803779683,10.23,67.76052468602653,0,0,0,0,0,0,0.06610139999999998
development,1,random,pd_history,e2618bd5e17d173e8d64a18b6e0a8eca1239e123d17dd3fd56c0f440ef53ee48,489bca5aebf965b6a65a2bc1ec0dd8d1e17e7470db24c0c27bfdbd5d3aadb544,96,96,96,1.0,1.0,96,16,0,36,16,7,17.125,36.0,0,0.0,0.0,0,0,78.0,78.0,0.00038847716968681915,0.009086836803779683,10.23,67.76052468602653,0,0,0,0,0,0,0.05775739999999985
development,1,random,no_control_interpretation,e2618bd5e17d173e8d64a18b6e0a8eca1239e123d17dd3fd56c0f440ef53ee48,58991d94a5f3ec2f0f1a760f341ba9290a359ef8eabdda4911882105f42687d5,96,96,96,1.0,1.0,96,16,0,36,16,8,17.125,36.0,0,0.0,0.0,0,0,78.0,78.0,0.00038847716968681915,0.009086836803779683,10.23,67.76052468602653,0,0,0,0,0,0,0.10029719999999998
development,1,random,no_pre_new_only,e2618bd5e17d173e8d64a18b6e0a8eca1239e123d17dd3fd56c0f440ef53ee48,50d48f38830900dd34416de54d82cb3307746a9bd6ffe931828dbd53c01a07f9,96,50,50,0.5208333333333334,0.5208333333333334,96,50,46,0,42,42,0.0,8.5,0,0.0,0.0,0,0,78.0,27.8,0.00020500680707017993,0.011525315440797828,5.3999999999999995,22.38826967775213,0,0,0,0,46,0,0.05443069999999994
development,1,random,greedy_hard_cap,e2618bd5e17d173e8d64a18b6e0a8eca1239e123d17dd3fd56c0f440ef53ee48,38acb260c6765c6cca871d0265d5808d31b39e7233d9ebc5eaba0e6d6d2c5dd6,96,96,96,1.0,1.0,96,5,0,36,5,3,17.625,30.5,0,0.0,0.0,0,0,78.0,78.0,0.00038847716968681915,0.0023755020217394464,9.78,68.21723602080857,0,0,0,0,0,0,0.05880979999999991
development,1,switch,pd_theta_2,4a5db049d6ec62cc3500a41f73cbbe54f838802cb6ed99779f9dd1a4cb5d067b,0c13f0692e00da9877b4f6995b24375fc39c8ca9ed4889985e4e5fdd9b615fae,96,96,96,1.0,1.0,96,17,0,36,16,9,16.875,36.0,0,0.0,0.0,0,0,79.2,79.2,0.00038847716968681915,0.011286242998435492,10.18,69.00832527983188,0,0,0,0,0,0,0.053600800000000115
development,1,switch,pd_theta_4,4a5db049d6ec62cc3500a41f73cbbe54f838802cb6ed99779f9dd1a4cb5d067b,57467513f1c32e2636f08ba10a95f8ee2d38b3af8774a91b25072d8001c4bcca,96,96,96,1.0,1.0,96,17,0,36,16,0,17.5,38.5,0,0.0,0.0,0,0,79.2,79.2,0.00038847716968681915,0.011286242998435492,10.18,69.00832527983188,0,0,0,0,0,0,0.05915390000000009
development,1,switch,pd_theta_8,4a5db049d6ec62cc3500a41f73cbbe54f838802cb6ed99779f9dd1a4cb5d067b,57467513f1c32e2636f08ba10a95f8ee2d38b3af8774a91b25072d8001c4bcca,96,96,96,1.0,1.0,96,17,0,36,16,0,17.5,38.5,0,0.0,0.0,0,0,79.2,79.2,0.00038847716968681915,0.011286242998435492,10.18,69.00832527983188,0,0,0,0,0,0,0.061589899999999975
development,1,switch,pd_theta_16,4a5db049d6ec62cc3500a41f73cbbe54f838802cb6ed99779f9dd1a4cb5d067b,57467513f1c32e2636f08ba10a95f8ee2d38b3af8774a91b25072d8001c4bcca,96,96,96,1.0,1.0,96,17,0,36,16,0,17.5,38.5,0,0.0,0.0,0,0,79.2,79.2,0.00038847716968681915,0.011286242998435492,10.18,69.00832527983188,0,0,0,0,0,0,0.06932450000000001
development,1,switch,pd_history,4a5db049d6ec62cc3500a41f73cbbe54f838802cb6ed99779f9dd1a4cb5d067b,92d96e1021b8d9a561dd515ec91b1c6d68bdb9dabc0d56a04393af0d0c5db2cc,96,96,96,1.0,1.0,96,17,0,36,16,8,17.0,36.5,0,0.0,0.0,0,0,79.2,79.2,0.00038847716968681915,0.011286242998435492,10.18,69.00832527983188,0,0,0,0,0,0,0.07078300000000004
development,1,switch,no_control_interpretation,4a5db049d6ec62cc3500a41f73cbbe54f838802cb6ed99779f9dd1a4cb5d067b,0c13f0692e00da9877b4f6995b24375fc39c8ca9ed4889985e4e5fdd9b615fae,96,96,96,1.0,1.0,96,17,0,36,16,9,16.875,36.0,0,0.0,0.0,0,0,79.2,79.2,0.00038847716968681915,0.011286242998435492,10.18,69.00832527983188,0,0,0,0,0,0,0.0683012999999999
development,1,switch,no_pre_new_only,4a5db049d6ec62cc3500a41f73cbbe54f838802cb6ed99779f9dd1a4cb5d067b,02e8dcac250bbfd2f4a5cb91d9a031adbb4722ed1fcead36583dbfd2be0bf203,96,50,50,0.5208333333333334,0.5208333333333334,96,50,46,0,33,33,0.0,8.0,0,0.0,0.0,0,0,79.2,27.2,0.0001989418169433929,0.010148349436870615,5.1,22.089652708746186,0,0,0,0,46,0,0.04805610000000016
development,1,switch,greedy_hard_cap,4a5db049d6ec62cc3500a41f73cbbe54f838802cb6ed99779f9dd1a4cb5d067b,d995012d4dc7508fa1eb818733de9c14c6508417049baa18d742b816dfd1e270,96,96,96,1.0,1.0,96,8,0,36,8,3,18.0,33.0,0,0.0,0.0,0,0,79.2,79.2,0.00038847716968681915,0.0014471795827538678,9.78,69.41816434324755,0,0,0,0,0,0,0.06837399999999993
test,101,high_tight,pd_theta_2,87bbe1a44de90f9ff54f8183831cdf1fadedeaef2f1aba24df0631a787c86d7c,c99deae14cb47906a54529f4b7988932c31f41018a895d3a1464307c1c958331,96,96,96,1.0,1.0,96,17,0,36,14,7,16.5,32.5,0,0.0,0.0,0,0,91.2,91.2,0.00039957634426448553,0.010903461774312615,9.48,81.70869696188143,0,0,0,0,0,0,0.08254589999999995
test,101,high_tight,pd_dev_selected,87bbe1a44de90f9ff54f8183831cdf1fadedeaef2f1aba24df0631a787c86d7c,c99deae14cb47906a54529f4b7988932c31f41018a895d3a1464307c1c958331,96,96,96,1.0,1.0,96,17,0,36,14,7,16.5,32.5,0,0.0,0.0,0,0,91.2,91.2,0.00039957634426448553,0.010903461774312615,9.48,81.70869696188143,0,0,0,0,0,0,0.08254589999999995
test,101,high_tight,pd_theta_4,87bbe1a44de90f9ff54f8183831cdf1fadedeaef2f1aba24df0631a787c86d7c,291c7ab8426eae2c84c17af865f580d245f7324db4c2f9a88649595e51c82468,96,96,96,1.0,1.0,96,17,0,36,14,0,16.875,34.0,0,0.0,0.0,0,0,91.2,91.2,0.00039957634426448553,0.010903461774312615,9.48,81.70869696188143,0,0,0,0,0,0,0.08174729999999997
test,101,high_tight,pd_theta_8,87bbe1a44de90f9ff54f8183831cdf1fadedeaef2f1aba24df0631a787c86d7c,291c7ab8426eae2c84c17af865f580d245f7324db4c2f9a88649595e51c82468,96,96,96,1.0,1.0,96,17,0,36,14,0,16.875,34.0,0,0.0,0.0,0,0,91.2,91.2,0.00039957634426448553,0.010903461774312615,9.48,81.70869696188143,0,0,0,0,0,0,0.20864580000000021
test,101,high_tight,pd_theta_16,87bbe1a44de90f9ff54f8183831cdf1fadedeaef2f1aba24df0631a787c86d7c,291c7ab8426eae2c84c17af865f580d245f7324db4c2f9a88649595e51c82468,96,96,96,1.0,1.0,96,17,0,36,14,0,16.875,34.0,0,0.0,0.0,0,0,91.2,91.2,0.00039957634426448553,0.010903461774312615,9.48,81.70869696188143,0,0,0,0,0,0,0.06805919999999999
test,101,high_tight,pd_history,87bbe1a44de90f9ff54f8183831cdf1fadedeaef2f1aba24df0631a787c86d7c,12b401d0ffad00d5c0cd681af4109115630ddc56daf31a0d1b79540b64c204e7,96,96,96,1.0,1.0,96,17,0,36,14,6,16.5,32.5,0,0.0,0.0,0,0,91.2,91.2,0.00039957634426448553,0.010903461774312615,9.48,81.70869696188143,0,0,0,0,0,0,0.061884599999999956
test,101,high_tight,no_control_interpretation,87bbe1a44de90f9ff54f8183831cdf1fadedeaef2f1aba24df0631a787c86d7c,c99deae14cb47906a54529f4b7988932c31f41018a895d3a1464307c1c958331,96,96,96,1.0,1.0,96,17,0,36,14,7,16.5,32.5,0,0.0,0.0,0,0,91.2,91.2,0.00039957634426448553,0.010903461774312615,9.48,81.70869696188143,0,0,0,0,0,0,0.0578843
test,101,high_tight,no_pre_new_only,87bbe1a44de90f9ff54f8183831cdf1fadedeaef2f1aba24df0631a787c86d7c,f20d136db7d19df878262e87084593b8339b6ec649206d9b9b3163135a21ded9,96,52,52,0.5416666666666666,0.5416666666666666,96,52,44,0,35,35,0.0,4.5,0,0.0,0.0,0,0,91.2,20.8,0.00022674985169917347,0.014805888621935723,1.56,19.224967361526367,0,0,0,0,44,0,0.04538680000000017
test,101,high_tight,greedy_hard_cap,87bbe1a44de90f9ff54f8183831cdf1fadedeaef2f1aba24df0631a787c86d7c,ef6bfb7c460bf35aaf846acd7b3ad47a32cc7f6def115cd24e317ed289b4902f,96,96,96,1.0,1.0,96,8,0,36,7,4,17.25,29.5,0,0.0,0.0,0,0,91.2,91.2,0.00039957634426448553,0.0024318633020337667,9.48,81.71716856035371,0,0,0,0,0,0,0.06902529999999985
test,101,high_loose,pd_theta_2,c5c45a2fad4893937dcb55da9c5a036d708eca329b007c3d7b27eee16bdb9a2a,065b63bbabe00b3fc7f8baf73eb42cb287eb9be56fbb1b4f3396009b6c767739,96,96,96,1.0,1.0,96,13,0,36,13,7,16.875,36.0,0,0.0,0.0,0,0,64.8,64.8,0.00039957634426448553,0.011883484104806575,10.129999999999999,54.65771693955092,0,0,0,0,0,0,0.07503449999999967
test,101,high_loose,pd_dev_selected,c5c45a2fad4893937dcb55da9c5a036d708eca329b007c3d7b27eee16bdb9a2a,065b63bbabe00b3fc7f8baf73eb42cb287eb9be56fbb1b4f3396009b6c767739,96,96,96,1.0,1.0,96,13,0,36,13,7,16.875,36.0,0,0.0,0.0,0,0,64.8,64.8,0.00039957634426448553,0.011883484104806575,10.129999999999999,54.65771693955092,0,0,0,0,0,0,0.07503449999999967
test,101,high_loose,pd_theta_4,c5c45a2fad4893937dcb55da9c5a036d708eca329b007c3d7b27eee16bdb9a2a,92a1d66bd7c7f70af5093b4e9c0fe3c3ae6f41960c4510dfb2e3de8ce8f8d4c3,96,96,96,1.0,1.0,96,13,0,36,13,0,17.75,38.5,0,0.0,0.0,0,0,64.8,64.8,0.00039957634426448553,0.011883484104806575,10.129999999999999,54.65771693955092,0,0,0,0,0,0,0.059241499999999725
test,101,high_loose,pd_theta_8,c5c45a2fad4893937dcb55da9c5a036d708eca329b007c3d7b27eee16bdb9a2a,92a1d66bd7c7f70af5093b4e9c0fe3c3ae6f41960c4510dfb2e3de8ce8f8d4c3,96,96,96,1.0,1.0,96,13,0,36,13,0,17.75,38.5,0,0.0,0.0,0,0,64.8,64.8,0.00039957634426448553,0.011883484104806575,10.129999999999999,54.65771693955092,0,0,0,0,0,0,0.054245300000000274
test,101,high_loose,pd_theta_16,c5c45a2fad4893937dcb55da9c5a036d708eca329b007c3d7b27eee16bdb9a2a,92a1d66bd7c7f70af5093b4e9c0fe3c3ae6f41960c4510dfb2e3de8ce8f8d4c3,96,96,96,1.0,1.0,96,13,0,36,13,0,17.75,38.5,0,0.0,0.0,0,0,64.8,64.8,0.00039957634426448553,0.011883484104806575,10.129999999999999,54.65771693955092,0,0,0,0,0,0,0.056109000000000187
test,101,high_loose,pd_history,c5c45a2fad4893937dcb55da9c5a036d708eca329b007c3d7b27eee16bdb9a2a,065b63bbabe00b3fc7f8baf73eb42cb287eb9be56fbb1b4f3396009b6c767739,96,96,96,1.0,1.0,96,13,0,36,13,7,16.875,36.0,0,0.0,0.0,0,0,64.8,64.8,0.00039957634426448553,0.011883484104806575,10.129999999999999,54.65771693955092,0,0,0,0,0,0,0.052187199999999656
test,101,high_loose,no_control_interpretation,c5c45a2fad4893937dcb55da9c5a036d708eca329b007c3d7b27eee16bdb9a2a,065b63bbabe00b3fc7f8baf73eb42cb287eb9be56fbb1b4f3396009b6c767739,96,96,96,1.0,1.0,96,13,0,36,13,7,16.875,36.0,0,0.0,0.0,0,0,64.8,64.8,0.00039957634426448553,0.011883484104806575,10.129999999999999,54.65771693955092,0,0,0,0,0,0,0.04941310000000021
test,101,high_loose,no_pre_new_only,c5c45a2fad4893937dcb55da9c5a036d708eca329b007c3d7b27eee16bdb9a2a,5e5f5d6d254d223be3a86d0718d97807f823efbacf502c8c02041760272300d7,96,52,52,0.5416666666666666,0.5416666666666666,96,52,44,0,40,40,0.0,9.0,0,0.0,0.0,0,0,64.8,34.0,0.0002111873772482225,0.009758190003616352,8.16,25.830030622619134,0,0,0,0,44,0,0.0471838
test,101,high_loose,greedy_hard_cap,c5c45a2fad4893937dcb55da9c5a036d708eca329b007c3d7b27eee16bdb9a2a,aa137224031a1224cbf9d225801475712766f581351e306068f5d3ab6599e41e,96,96,96,1.0,1.0,96,7,0,36,7,3,18.625,32.0,0,0.0,0.0,0,0,64.8,64.8,0.00039957634426448553,0.0021919695756422945,9.48,55.31740845408009,0,0,0,0,0,0,0.0734897000000001
test,101,random,pd_theta_2,eaa93c6e7ef0629cb3578993e651f0f6cffe869ca1f4b95c4cf0fffe0b1c81ee,58b71de6dac533908f05e1c88910cc100813a166c72a45b47fad313569b2896a,96,96,96,1.0,1.0,96,17,0,36,16,9,18.125,37.0,0,0.0,0.0,0,0,79.2,79.2,0.00039957634426448553,0.011525884663842306,9.83,69.3580745389919,0,0,0,0,0,0,0.05725479999999994
test,101,random,pd_dev_selected,eaa93c6e7ef0629cb3578993e651f0f6cffe869ca1f4b95c4cf0fffe0b1c81ee,58b71de6dac533908f05e1c88910cc100813a166c72a45b47fad313569b2896a,96,96,96,1.0,1.0,96,17,0,36,16,9,18.125,37.0,0,0.0,0.0,0,0,79.2,79.2,0.00039957634426448553,0.011525884663842306,9.83,69.3580745389919,0,0,0,0,0,0,0.05725479999999994
test,101,random,pd_theta_4,eaa93c6e7ef0629cb3578993e651f0f6cffe869ca1f4b95c4cf0fffe0b1c81ee,b10462c3c45cd2960bafdfeafaa4803919d4da379fc8b09897aafdd68daa84dc,96,96,96,1.0,1.0,96,16,0,36,16,0,18.875,39.0,0,0.0,0.0,0,0,79.2,79.2,0.00039957634426448553,0.011525884663842306,9.879999999999999,69.30807453899189,0,0,0,0,0,0,0.06158130000000028
test,101,random,pd_theta_8,eaa93c6e7ef0629cb3578993e651f0f6cffe869ca1f4b95c4cf0fffe0b1c81ee,b10462c3c45cd2960bafdfeafaa4803919d4da379fc8b09897aafdd68daa84dc,96,96,96,1.0,1.0,96,16,0,36,16,0,18.875,39.0,0,0.0,0.0,0,0,79.2,79.2,0.00039957634426448553,0.011525884663842306,9.879999999999999,69.30807453899189,0,0,0,0,0,0,0.05513749999999984
test,101,random,pd_theta_16,eaa93c6e7ef0629cb3578993e651f0f6cffe869ca1f4b95c4cf0fffe0b1c81ee,b10462c3c45cd2960bafdfeafaa4803919d4da379fc8b09897aafdd68daa84dc,96,96,96,1.0,1.0,96,16,0,36,16,0,18.875,39.0,0,0.0,0.0,0,0,79.2,79.2,0.00039957634426448553,0.011525884663842306,9.879999999999999,69.30807453899189,0,0,0,0,0,0,0.05447969999999991
test,101,random,pd_history,eaa93c6e7ef0629cb3578993e651f0f6cffe869ca1f4b95c4cf0fffe0b1c81ee,59bb419860e0ed64696b0fe41cf8c41da953e1e3f77852eadad33db4fabba6a7,96,96,96,1.0,1.0,96,17,0,36,16,8,18.125,37.0,0,0.0,0.0,0,0,79.2,79.2,0.00039957634426448553,0.011525884663842306,9.83,69.3580745389919,0,0,0,0,0,0,0.059877999999999876
test,101,random,no_control_interpretation,eaa93c6e7ef0629cb3578993e651f0f6cffe869ca1f4b95c4cf0fffe0b1c81ee,58b71de6dac533908f05e1c88910cc100813a166c72a45b47fad313569b2896a,96,96,96,1.0,1.0,96,17,0,36,16,9,18.125,37.0,0,0.0,0.0,0,0,79.2,79.2,0.00039957634426448553,0.011525884663842306,9.83,69.3580745389919,0,0,0,0,0,0,0.06154239999999955
test,101,random,no_pre_new_only,eaa93c6e7ef0629cb3578993e651f0f6cffe869ca1f4b95c4cf0fffe0b1c81ee,077456f702e875023eec9a87b979273bbcf84bc2041f6631181041541fbc5f81,96,52,52,0.5416666666666666,0.5416666666666666,96,52,44,0,40,40,0.0,7.5,0,0.0,0.0,0,0,79.2,26.8,0.00022152309108564348,0.012978772756083359,4.56,22.226799704152832,0,0,0,0,44,0,0.06915279999999946
test,101,random,greedy_hard_cap,eaa93c6e7ef0629cb3578993e651f0f6cffe869ca1f4b95c4cf0fffe0b1c81ee,d6f1ea86a6dd19872b61bfd4c48ae3e53bb3aeb0de97b09a30e855b197f0eed1,96,96,96,1.0,1.0,96,10,0,36,9,4,18.5,32.0,0,0.0,0.0,0,0,79.2,79.2,0.00039957634426448553,0.0009968587024106802,9.48,69.71860356495333,0,0,0,0,0,0,0.06522710000000043
test,101,switch,pd_theta_2,46598b2328d785d168ad8ec63341a98ae0986c3b2377b2a3199d70599f1927f9,432ed43609cb152c34aa1762f6ab2075e499c266bdb862aef1ff7684bda82564,96,96,96,1.0,1.0,96,16,0,36,15,7,16.375,36.5,0,0.0,0.0,0,0,78.0,78.0,0.00039957634426448553,0.011993080758939725,9.83,68.1576073428968,0,0,0,0,0,0,0.054461400000000104
test,101,switch,pd_dev_selected,46598b2328d785d168ad8ec63341a98ae0986c3b2377b2a3199d70599f1927f9,432ed43609cb152c34aa1762f6ab2075e499c266bdb862aef1ff7684bda82564,96,96,96,1.0,1.0,96,16,0,36,15,7,16.375,36.5,0,0.0,0.0,0,0,78.0,78.0,0.00039957634426448553,0.011993080758939725,9.83,68.1576073428968,0,0,0,0,0,0,0.054461400000000104
test,101,switch,pd_theta_4,46598b2328d785d168ad8ec63341a98ae0986c3b2377b2a3199d70599f1927f9,12e934d34489797e2b17e7bf576e90896de9f6c5c366f951ca53ac97069bb8fa,96,96,96,1.0,1.0,96,15,0,36,14,0,16.75,37.0,0,0.0,0.0,0,0,78.0,78.0,0.00039957634426448553,0.011993080758939725,9.83,68.1576073428968,0,0,0,0,0,0,0.05513440000000003
test,101,switch,pd_theta_8,46598b2328d785d168ad8ec63341a98ae0986c3b2377b2a3199d70599f1927f9,12e934d34489797e2b17e7bf576e90896de9f6c5c366f951ca53ac97069bb8fa,96,96,96,1.0,1.0,96,15,0,36,14,0,16.75,37.0,0,0.0,0.0,0,0,78.0,78.0,0.00039957634426448553,0.011993080758939725,9.83,68.1576073428968,0,0,0,0,0,0,0.05945039999999935
test,101,switch,pd_theta_16,46598b2328d785d168ad8ec63341a98ae0986c3b2377b2a3199d70599f1927f9,12e934d34489797e2b17e7bf576e90896de9f6c5c366f951ca53ac97069bb8fa,96,96,96,1.0,1.0,96,15,0,36,14,0,16.75,37.0,0,0.0,0.0,0,0,78.0,78.0,0.00039957634426448553,0.011993080758939725,9.83,68.1576073428968,0,0,0,0,0,0,0.07269910000000035
test,101,switch,pd_history,46598b2328d785d168ad8ec63341a98ae0986c3b2377b2a3199d70599f1927f9,432ed43609cb152c34aa1762f6ab2075e499c266bdb862aef1ff7684bda82564,96,96,96,1.0,1.0,96,16,0,36,15,7,16.375,36.5,0,0.0,0.0,0,0,78.0,78.0,0.00039957634426448553,0.011993080758939725,9.83,68.1576073428968,0,0,0,0,0,0,0.06080480000000055
test,101,switch,no_control_interpretation,46598b2328d785d168ad8ec63341a98ae0986c3b2377b2a3199d70599f1927f9,432ed43609cb152c34aa1762f6ab2075e499c266bdb862aef1ff7684bda82564,96,96,96,1.0,1.0,96,16,0,36,15,7,16.375,36.5,0,0.0,0.0,0,0,78.0,78.0,0.00039957634426448553,0.011993080758939725,9.83,68.1576073428968,0,0,0,0,0,0,0.05300770000000021
test,101,switch,no_pre_new_only,46598b2328d785d168ad8ec63341a98ae0986c3b2377b2a3199d70599f1927f9,71b74a5eda6a773dd27022903ffb7d75f3d0f630c9eef66a83490f698d9b4ecf,96,52,52,0.5416666666666666,0.5416666666666666,96,52,44,0,38,38,0.0,9.0,0,0.0,0.0,0,0,78.0,27.4,0.00021582239957520887,0.011775746130420173,4.859999999999999,22.528008431470006,0,0,0,0,44,0,0.049276100000000156
test,101,switch,greedy_hard_cap,46598b2328d785d168ad8ec63341a98ae0986c3b2377b2a3199d70599f1927f9,0d8a18db7b1afacf96fcd4c540ae0d27348500e876680b2b3dae5d38e02497fd,96,96,96,1.0,1.0,96,9,0,36,8,4,17.375,31.5,0,0.0,0.0,0,0,78.0,78.0,0.00039957634426448553,0.0019310676113100111,9.48,68.51766935604442,0,0,0,0,0,0,0.1748113
