seed,scenario,policy,slot,requests,profit,qualified_ratio,idle_vcpu,resource_violation_vcpu,warm_slot_violation
101,high_tight,pd_theta_2,0,24,20.427098425168687,1.0,14.5,0.0,0
101,high_tight,pd_theta_2,1,24,20.425777649773888,1.0,15.0,0.0,0
101,high_tight,pd_theta_2,2,24,20.42842732324096,1.0,18.5,0.0,0
101,high_tight,pd_theta_2,3,24,20.427393563697898,1.0,18.0,0.0,0
101,high_tight,pd_theta_4,0,24,20.427098425168687,1.0,14.5,0.0,0
101,high_tight,pd_theta_4,1,24,20.425777649773888,1.0,15.0,0.0,0
101,high_tight,pd_theta_4,2,24,20.42842732324096,1.0,18.5,0.0,0
101,high_tight,pd_theta_4,3,24,20.427393563697898,1.0,19.5,0.0,0
101,high_tight,pd_theta_8,0,24,20.427098425168687,1.0,14.5,0.0,0
101,high_tight,pd_theta_8,1,24,20.425777649773888,1.0,15.0,0.0,0
101,high_tight,pd_theta_8,2,24,20.42842732324096,1.0,18.5,0.0,0
101,high_tight,pd_theta_8,3,24,20.427393563697898,1.0,19.5,0.0,0
101,high_tight,pd_theta_16,0,24,20.427098425168687,1.0,14.5,0.0,0
101,high_tight,pd_theta_16,1,24,20.425777649773888,1.0,15.0,0.0,0
101,high_tight,pd_theta_16,2,24,20.42842732324096,1.0,18.5,0.0,0
101,high_tight,pd_theta_16,3,24,20.427393563697898,1.0,19.5,0.0,0
101,high_tight,pd_history,0,24,20.427098425168687,1.0,14.5,0.0,0
101,high_tight,pd_history,1,24,20.425777649773888,1.0,15.0,0.0,0
101,high_tight,pd_history,2,24,20.42842732324096,1.0,18.5,0.0,0
101,high_tight,pd_history,3,24,20.427393563697898,1.0,18.0,0.0,0
101,high_tight,no_control_interpretation,0,24,20.427098425168687,1.0,14.5,0.0,0
101,high_tight,no_control_interpretation,1,24,20.425777649773888,1.0,15.0,0.0,0
101,high_tight,no_control_interpretation,2,24,20.42842732324096,1.0,18.5,0.0,0
101,high_tight,no_control_interpretation,3,24,20.427393563697898,1.0,18.0,0.0,0
101,high_tight,no_pre_new_only,0,24,4.806686948060353,0.5416666666666666,0,0.0,0
101,high_tight,no_pre_new_only,1,24,4.805837238956715,0.5416666666666666,0,0.0,0
101,high_tight,no_pre_new_only,2,24,4.806726272401132,0.5416666666666666,0,0.0,0
101,high_tight,no_pre_new_only,3,24,4.805716902108166,0.5416666666666666,0,0.0,0
101,high_tight,greedy_hard_cap,0,24,20.429540543227187,1.0,15.5,0.0,0
101,high_tight,greedy_hard_cap,1,24,20.428913690284148,1.0,16.0,0.0,0
101,high_tight,greedy_hard_cap,2,24,20.42947647895446,1.0,18.5,0.0,0
101,high_tight,greedy_hard_cap,3,24,20.42923784788791,1.0,19.0,0.0,0
101,high_loose,pd_theta_2,0,24,13.677203560563198,1.0,13.0,0.0,0
101,high_loose,pd_theta_2,1,24,13.676219332388902,1.0,16.5,0.0,0
101,high_loose,pd_theta_2,2,24,13.62664628650104,1.0,19.5,0.0,0
101,high_loose,pd_theta_2,3,24,13.677647760097786,1.0,18.5,0.0,0
101,high_loose,pd_theta_4,0,24,13.677203560563198,1.0,13.0,0.0,0
101,high_loose,pd_theta_4,1,24,13.676219332388902,1.0,16.5,0.0,0
101,high_loose,pd_theta_4,2,24,13.62664628650104,1.0,19.5,0.0,0
101,high_loose,pd_theta_4,3,24,13.677647760097786,1.0,22.0,0.0,0
101,high_loose,pd_theta_8,0,24,13.677203560563198,1.0,13.0,0.0,0
101,high_loose,pd_theta_8,1,24,13.676219332388902,1.0,16.5,0.0,0
101,high_loose,pd_theta_8,2,24,13.62664628650104,1.0,19.5,0.0,0
101,high_loose,pd_theta_8,3,24,13.677647760097786,1.0,22.0,0.0,0
101,high_loose,pd_theta_16,0,24,13.677203560563198,1.0,13.0,0.0,0
101,high_loose,pd_theta_16,1,24,13.676219332388902,1.0,16.5,0.0,0
101,high_loose,pd_theta_16,2,24,13.62664628650104,1.0,19.5,0.0,0
101,high_loose,pd_theta_16,3,24,13.677647760097786,1.0,22.0,0.0,0
101,high_loose,pd_history,0,24,13.677203560563198,1.0,13.0,0.0,0
101,high_loose,pd_history,1,24,13.676219332388902,1.0,16.5,0.0,0
101,high_loose,pd_history,2,24,13.62664628650104,1.0,19.5,0.0,0
101,high_loose,pd_history,3,24,13.677647760097786,1.0,18.5,0.0,0
101,high_loose,no_control_interpretation,0,24,13.677203560563198,1.0,13.0,0.0,0
101,high_loose,no_control_interpretation,1,24,13.676219332388902,1.0,16.5,0.0,0
101,high_loose,no_control_interpretation,2,24,13.62664628650104,1.0,19.5,0.0,0
101,high_loose,no_control_interpretation,3,24,13.677647760097786,1.0,18.5,0.0,0
101,high_loose,no_pre_new_only,0,24,6.456881353704299,0.5416666666666666,0,0.0,0
101,high_loose,no_pre_new_only,1,24,6.457665024461898,0.5416666666666666,0,0.0,0
101,high_loose,no_pre_new_only,2,24,6.4580323639900055,0.5416666666666666,0,0.0,0
101,high_loose,no_pre_new_only,3,24,6.457451880462932,0.5416666666666666,0,0.0,0
101,high_loose,greedy_hard_cap,0,24,13.828693296539324,1.0,16.5,0.0,0
101,high_loose,greedy_hard_cap,1,24,13.829500035007674,1.0,18.0,0.0,0
101,high_loose,greedy_hard_cap,2,24,13.829640340056383,1.0,19.5,0.0,0
101,high_loose,greedy_hard_cap,3,24,13.829574782476708,1.0,20.5,0.0,0
101,random,pd_theta_2,0,24,16.776333252085195,1.0,14.0,0.0,0
101,random,pd_theta_2,1,24,17.92658032193787,1.0,17.0,0.0,0
101,random,pd_theta_2,2,24,16.627626707996505,1.0,20.5,0.0,0
101,random,pd_theta_2,3,24,18.027534256972324,1.0,21.0,0.0,0
101,random,pd_theta_4,0,24,16.776333252085195,1.0,14.0,0.0,0
101,random,pd_theta_4,1,24,17.92658032193787,1.0,17.0,0.0,0
101,random,pd_theta_4,2,24,16.627626707996505,1.0,20.5,0.0,0
101,random,pd_theta_4,3,24,17.977534256972323,1.0,24.0,0.0,0
101,random,pd_theta_8,0,24,16.776333252085195,1.0,14.0,0.0,0
101,random,pd_theta_8,1,24,17.92658032193787,1.0,17.0,0.0,0
101,random,pd_theta_8,2,24,16.627626707996505,1.0,20.5,0.0,0
101,random,pd_theta_8,3,24,17.977534256972323,1.0,24.0,0.0,0
101,random,pd_theta_16,0,24,16.776333252085195,1.0,14.0,0.0,0
101,random,pd_theta_16,1,24,17.92658032193787,1.0,17.0,0.0,0
101,random,pd_theta_16,2,24,16.627626707996505,1.0,20.5,0.0,0
101,random,pd_theta_16,3,24,17.977534256972323,1.0,24.0,0.0,0
101,random,pd_history,0,24,16.776333252085195,1.0,14.0,0.0,0
101,random,pd_history,1,24,17.92658032193787,1.0,17.0,0.0,0
101,random,pd_history,2,24,16.627626707996505,1.0,20.5,0.0,0
101,random,pd_history,3,24,18.027534256972324,1.0,21.0,0.0,0
101,random,no_control_interpretation,0,24,16.776333252085195,1.0,14.0,0.0,0
101,random,no_control_interpretation,1,24,17.92658032193787,1.0,17.0,0.0,0
101,random,no_control_interpretation,2,24,16.627626707996505,1.0,20.5,0.0,0
101,random,no_control_interpretation,3,24,18.027534256972324,1.0,21.0,0.0,0
101,random,no_pre_new_only,0,24,5.705823336327731,0.5416666666666666,0,0.0,0
101,random,no_pre_new_only,1,24,5.407402014841537,0.5416666666666666,0,0.0,0
101,random,no_pre_new_only,2,24,5.706528231323016,0.5416666666666666,0,0.0,0
101,random,no_pre_new_only,3,24,5.407046121660548,0.5416666666666666,0,0.0,0
101,random,greedy_hard_cap,0,24,16.82956273215741,1.0,16.5,0.0,0
101,random,greedy_hard_cap,1,24,18.02950515440139,1.0,17.5,0.0,0
101,random,greedy_hard_cap,2,24,16.829640340056383,1.0,19.5,0.0,0
101,random,greedy_hard_cap,3,24,18.02989533833814,1.0,20.5,0.0,0
101,switch,pd_theta_2,0,24,20.427098425168687,1.0,14.5,0.0,0
101,switch,pd_theta_2,1,24,20.425777649773888,1.0,15.0,0.0,0
101,switch,pd_theta_2,2,24,13.627083507856439,1.0,17.0,0.0,0
101,switch,pd_theta_2,3,24,13.677647760097786,1.0,19.0,0.0,0
101,switch,pd_theta_4,0,24,20.427098425168687,1.0,14.5,0.0,0
101,switch,pd_theta_4,1,24,20.425777649773888,1.0,15.0,0.0,0
101,switch,pd_theta_4,2,24,13.627083507856439,1.0,17.0,0.0,0
101,switch,pd_theta_4,3,24,13.677647760097786,1.0,20.5,0.0,0
101,switch,pd_theta_8,0,24,20.427098425168687,1.0,14.5,0.0,0
101,switch,pd_theta_8,1,24,20.425777649773888,1.0,15.0,0.0,0
101,switch,pd_theta_8,2,24,13.627083507856439,1.0,17.0,0.0,0
101,switch,pd_theta_8,3,24,13.677647760097786,1.0,20.5,0.0,0
101,switch,pd_theta_16,0,24,20.427098425168687,1.0,14.5,0.0,0
101,switch,pd_theta_16,1,24,20.425777649773888,1.0,15.0,0.0,0
101,switch,pd_theta_16,2,24,13.627083507856439,1.0,17.0,0.0,0
101,switch,pd_theta_16,3,24,13.677647760097786,1.0,20.5,0.0,0
101,switch,pd_history,0,24,20.427098425168687,1.0,14.5,0.0,0
101,switch,pd_history,1,24,20.425777649773888,1.0,15.0,0.0,0
101,switch,pd_history,2,24,13.627083507856439,1.0,17.0,0.0,0
101,switch,pd_history,3,24,13.677647760097786,1.0,19.0,0.0,0
101,switch,no_control_interpretation,0,24,20.427098425168687,1.0,14.5,0.0,0
101,switch,no_control_interpretation,1,24,20.425777649773888,1.0,15.0,0.0,0
101,switch,no_control_interpretation,2,24,13.627083507856439,1.0,17.0,0.0,0
101,switch,no_control_interpretation,3,24,13.677647760097786,1.0,19.0,0.0,0
101,switch,no_pre_new_only,0,24,4.806686948060353,0.5416666666666666,0,0.0,0
101,switch,no_pre_new_only,1,24,4.805837238956715,0.5416666666666666,0,0.0,0
101,switch,no_pre_new_only,2,24,6.4580323639900055,0.5416666666666666,0,0.0,0
101,switch,no_pre_new_only,3,24,6.457451880462932,0.5416666666666666,0,0.0,0
101,switch,greedy_hard_cap,0,24,20.429540543227187,1.0,15.5,0.0,0
101,switch,greedy_hard_cap,1,24,20.428913690284148,1.0,16.0,0.0,0
101,switch,greedy_hard_cap,2,24,13.829640340056383,1.0,18.0,0.0,0
101,switch,greedy_hard_cap,3,24,13.829574782476708,1.0,20.0,0.0,0
