scenario,policy,n_seeds,profit_mean,profit_sd,potential_payment_mean,potential_payment_sd,revenue_mean,revenue_sd,upload_cost_mean,upload_cost_sd,link_cost_mean,link_cost_sd,inference_cost_mean,inference_cost_sd,qualified_ratio_mean,qualified_ratio_sd,created_extra_mean,created_extra_sd,new_branch_requests_mean,new_branch_requests_sd,mean_idle_vcpu_mean,mean_idle_vcpu_sd,peak_vcpu_mean,peak_vcpu_sd,resource_violation_slots_mean,resource_violation_slots_sd,peak_resource_violation_vcpu_mean,peak_resource_violation_vcpu_sd,warm_slot_violation_total_mean,warm_slot_violation_total_sd
high_loose,greedy_hard_cap,10,422.221136552969,0.5900250069310256,501.41999999999996,0.4939635614091575,501.41999999999996,0.4939635614091575,0.0029616899685224562,3.9161155119561036e-05,0.025901757062431002,0.0024263045867846606,79.17,0.9265227706022386,1.0,0.0,42.3,4.24394994210713,59.3,6.583649781424012,17.270833333333332,0.9714778896729748,46.45,1.32182533725989,0,0.0,0.0,0.0,0,0.0
high_loose,no_control_interpretation,10,410.04131420178106,0.600393345774556,501.41999999999996,0.4939635614091575,501.41999999999996,0.4939635614091575,0.0029616899685224562,3.9161155119561036e-05,0.09572410825036501,0.00514757371889177,91.28,0.5318730007143518,1.0,0.0,57.8,1.6193277068654826,66.6,1.776388345929897,9.5375,0.41362314362021807,49.55,0.9264628073124864,0,0.0,0.0,0.0,2.8,1.9888578520235065
high_loose,no_pre_new_only,10,78.02678365012567,0.6086600451293691,501.41999999999996,0.4939635614091575,104.24,0.6586180818788543,0.0006293521183933367,1.7081529510284176e-05,0.03458699775593686,0.0018634851598796072,26.177999999999997,0.049396356140914074,0.21194444444444444,0.0022868683398571156,108.1,2.3309511649396115,152.6,1.6465452046971292,0.0,0.0,10.0,0.0,0,0.0,0.0,0.0,0,0.0
high_loose,pd_dev_selected,10,408.8919814126927,0.8100588681091404,501.41999999999996,0.4939635614091575,500.71999999999997,1.033655863643428,0.0029577842515965866,3.794589007318424e-05,0.10006080305569107,0.006397851532129067,91.725,0.6704268955092891,0.9986111111111111,0.0014640174352631334,49.8,1.8135294011647258,54.8,1.9321835661585918,20.216666666666665,1.3376377279958964,74.7,1.4944341180973264,0,0.0,0.0,0.0,1.7,1.8287822299126937
high_loose,pd_history,10,409.41767957134266,1.0474271115444964,501.41999999999996,0.4939635614091575,500.58,1.1811482172492591,0.0029569546718561032,3.761545722608497e-05,0.0953634739854418,0.005269135966241762,91.064,0.5676697005203732,0.9983333333333333,0.0017073230476468248,57.7,1.766981104093143,66.4,1.776388345929897,9.5125,0.4652466822113209,49.45,1.0394977419675118,0,0.0,0.0,0.0,1.8,1.8737959096740262
high_loose,pd_theta_16,10,408.8919814126927,0.8100588681091404,501.41999999999996,0.4939635614091575,500.71999999999997,1.033655863643428,0.0029577842515965866,3.794589007318424e-05,0.10006080305569107,0.006397851532129067,91.725,0.6704268955092891,0.9986111111111111,0.0014640174352631334,49.8,1.8135294011647258,54.8,1.9321835661585918,20.216666666666665,1.3376377279958964,74.7,1.4944341180973264,0,0.0,0.0,0.0,1.7,1.8287822299126937
high_loose,pd_theta_2,10,409.41767957134266,1.0474271115444964,501.41999999999996,0.4939635614091575,500.58,1.1811482172492591,0.0029569546718561032,3.761545722608497e-05,0.0953634739854418,0.005269135966241762,91.064,0.5676697005203732,0.9983333333333333,0.0017073230476468248,57.7,1.766981104093143,66.4,1.776388345929897,9.5125,0.4652466822113209,49.45,1.0394977419675118,0,0.0,0.0,0.0,1.8,1.8737959096740262
high_loose,pd_theta_4,10,409.32791993699243,0.859825550684735,501.41999999999996,0.4939635614091575,500.71999999999997,1.033655863643428,0.0029577842515965866,3.794589007318424e-05,0.09912227875597186,0.006284784337640373,91.28999999999999,0.7697041278598202,0.9986111111111111,0.0014640174352631334,51.2,2.043961295567452,57.1,2.5582111805799856,14.345833333333333,0.7913132739508824,56.8,0.9486832980505138,0,0.0,0.0,0.0,1.7,1.8287822299126937
high_loose,pd_theta_8,10,408.8918814838032,0.815517383918307,501.41999999999996,0.4939635614091575,500.71999999999997,1.033655863643428,0.0029577842515965866,3.794589007318424e-05,0.10016073194516899,0.006391554012677037,91.725,0.6669374450093173,0.9986111111111111,0.0014640174352631334,50.1,1.7919573407620817,55.1,2.0248456731316584,19.491666666666667,1.2245558529675304,69.6,1.0488088481701516,0,0.0,0.0,0.0,1.7,1.8287822299126937
high_tight,greedy_hard_cap,10,439.0753471528403,2.5246044924534887,714.84,0.987927122818315,488.6,2.8487814158962106,0.002375810040225927,3.33667112063474e-05,0.019277037119502117,0.00312115586580137,49.503,0.3229396228399351,0.8036111111111112,0.002467206036013737,34.2,3.521363372331802,52.6,6.432556084308771,16.333333333333332,0.19543398999264272,35.65,0.6687467549246293,0,0.0,0.0,0.0,0,0.0
high_tight,no_control_interpretation,10,633.2752644307255,1.0734477662613884,714.84,0.987927122818315,714.84,0.987927122818315,0.0029616899685224562,3.9161155119561036e-05,0.0917738793059455,0.006607823972442811,81.47,0.24404006956964244,1.0,0.0,64,2.309401076758503,81.7,1.766981104093143,12.729166666666666,0.3712518445728795,35.75,0.42491829279939874,0,0.0,0.0,0.0,141.4,1.776388345929897
high_tight,no_pre_new_only,10,132.44698191332384,1.0723818481332434,714.84,0.987927122818315,143.28,1.1593101396951522,0.001464678980991541,3.516441896787748e-05,0.08555340769517533,0.0029394666478499984,10.745999999999999,0.08694826047713639,0.4975,0.004025382429497052,206.3,3.4334951418181574,358.2,2.898275349237888,0.0,0.0,9.4,0.31622776601683794,0,0.0,0.0,0.0,0,0.0
high_tight,pd_dev_selected,10,523.2463782040105,6.788613342158963,714.84,0.987927122818315,589.08,7.685021506512253,0.0026089101871301585,4.178276896659977e-05,0.07901288580245112,0.006177559958459114,65.752,0.9347584358182237,0.8908333333333334,0.006873090207368778,50.8,1.9888578520235063,60.7,2.1628170930011112,21.808333333333334,0.3929352976612661,52.4,0.9944289260117531,0,0.0,0.0,0.0,62.8,4.917090377222873
high_tight,pd_history,10,521.6806573566051,6.67029878130685,714.84,0.987927122818315,589.08,7.685021506512253,0.0026089101871301585,4.178276896659977e-05,0.07473373320779883,0.005891608975177887,67.322,1.047757393462609,0.8908333333333334,0.006873090207368778,64,2.309401076758503,81.7,1.766981104093143,12.729166666666666,0.3712518445728795,35.75,0.42491829279939874,0,0.0,0.0,0.0,62.8,4.917090377222873
high_tight,pd_theta_16,10,523.2463782040105,6.788613342158963,714.84,0.987927122818315,589.08,7.685021506512253,0.0026089101871301585,4.178276896659977e-05,0.07901288580245112,0.006177559958459114,65.752,0.9347584358182237,0.8908333333333334,0.006873090207368778,50.8,1.9888578520235063,60.7,2.1628170930011112,21.808333333333334,0.3929352976612661,52.4,0.9944289260117531,0,0.0,0.0,0.0,62.8,4.917090377222873
high_tight,pd_theta_2,10,521.6806573566051,6.67029878130685,714.84,0.987927122818315,589.08,7.685021506512253,0.0026089101871301585,4.178276896659977e-05,0.07473373320779883,0.005891608975177887,67.322,1.047757393462609,0.8908333333333334,0.006873090207368778,64,2.309401076758503,81.7,1.766981104093143,12.729166666666666,0.3712518445728795,35.75,0.42491829279939874,0,0.0,0.0,0.0,62.8,4.917090377222873
high_tight,pd_theta_4,10,522.5838644204083,6.817667753995466,714.84,0.987927122818315,589.08,7.685021506512253,0.0026089101871301585,4.178276896659977e-05,0.07652666940459343,0.0056298445863172146,66.417,0.8842203094000708,0.8908333333333334,0.006873090207368778,58.5,2.6352313834736494,71.3,2.0027758514399734,16.754166666666666,0.32480407199600353,40.55,0.5986094998689324,0,0.0,0.0,0.0,62.8,4.917090377222873
high_tight,pd_theta_8,10,523.170826045828,6.765182434251402,714.84,0.987927122818315,589.08,7.685021506512253,0.0026089101871301585,4.178276896659977e-05,0.07956504398490558,0.005974450055272488,65.827,0.9529608829560876,0.8908333333333334,0.006873090207368778,52.2,2.440400695696417,62.7,2.7100635498903793,20.970833333333335,0.42765600719950936,48.05,1.091634859587521,0,0.0,0.0,0.0,62.8,4.917090377222873
random,greedy_hard_cap,10,520.3716625427617,5.838872391195823,608.04,5.784116181405758,594.12,6.215536090224957,0.0029315335829989513,4.056107937879471e-05,0.016405923655348004,0.0024515384949579566,73.729,0.7095922146635403,0.9879166666666667,0.00490172627132091,49.1,2.960855732160327,67.6,6.899275324264136,19.25,0.456857894538848,47.95,1.1413929112175956,0,0.0,0.0,0.0,0,0.0
random,no_control_interpretation,10,519.4637847805536,5.701514575645729,608.04,5.784116181405758,608.04,5.784116181405758,0.0029616899685224562,3.9161155119561036e-05,0.11325352947789001,0.0024483620890233485,88.46,0.37178249316263334,1.0,0.0,77.1,2.0789954839350235,97.3,2.4517567397911058,12.7,0.4838439193289555,51.7,0.7888106377466155,0,0.0,0.0,0.0,6.4,2.913569784454954
random,no_pre_new_only,10,115.31464940860349,2.3456521832079384,608.04,5.784116181405758,137.94,2.487837079338862,0.001140822651513702,3.323238310916292e-05,0.06420976874500231,0.002512170642031825,22.56,0.49739320461783476,0.37916666666666665,0.009419902754340653,188.5,3.689323936863109,273,6.782329983125268,0.0,0.0,12.35,0.6258327785172862,0,0.0,0.0,0.0,0,0.0
random,pd_dev_selected,10,519.7481336728455,6.2887495657990415,608.04,5.784116181405758,606.09,6.173500717673173,0.0029523347290316485,3.828126596804459e-05,0.11591399242552945,0.0013668408631152098,86.223,0.5696792469841659,0.9966666666666667,0.0011712139482105068,62.1,2.6853512081497106,71.3,2.0027758514399734,26.466666666666665,1.4121387334356128,78.4,2.4585451886114367,0,0.0,0.0,0.0,5.2,2.250925735484551
random,pd_history,10,516.7606365011195,5.8843435737542995,608.04,5.784116181405758,604.5600000000001,6.210779160280755,0.0029443277201262803,3.900176127416683e-05,0.11241917116042384,0.002111894064643059,87.684,0.5616088001842964,0.9941666666666666,0.0026024943189916936,76.7,1.888562063228706,95.2,1.8737959096740262,12.591666666666667,0.3858012345659258,51.55,0.6851601597031488,0,0.0,0.0,0.0,5.7,2.496664441476534
random,pd_theta_16,10,519.7481336728455,6.2887495657990415,608.04,5.784116181405758,606.09,6.173500717673173,0.0029523347290316485,3.828126596804459e-05,0.11591399242552945,0.0013668408631152098,86.223,0.5696792469841659,0.9966666666666667,0.0011712139482105068,62.1,2.6853512081497106,71.3,2.0027758514399734,26.466666666666665,1.4121387334356128,78.4,2.4585451886114367,0,0.0,0.0,0.0,5.2,2.250925735484551
random,pd_theta_2,10,516.7606365011195,5.8843435737542995,608.04,5.784116181405758,604.5600000000001,6.210779160280755,0.0029443277201262803,3.900176127416683e-05,0.11241917116042384,0.002111894064643059,87.684,0.5616088001842964,0.9941666666666666,0.0026024943189916936,76.7,1.888562063228706,95.2,1.8737959096740262,12.591666666666667,0.3858012345659258,51.55,0.6851601597031488,0,0.0,0.0,0.0,5.7,2.496664441476534
random,pd_theta_4,10,518.7225408328679,6.095973467191005,608.04,5.784116181405758,606.02,6.330315070270119,0.0029514514144072237,3.842036762212256e-05,0.11450771571768875,0.0031422308017023033,87.17999999999999,0.5141767962265319,0.9965277777777778,0.001991278997000601,68.7,1.888562063228706,82.2,2.6583202716502514,19.075,0.6868473332984989,60.4,1.3703203194062976,0,0.0,0.0,0.0,5.3,2.263232692902394
random,pd_theta_8,10,519.6025957176662,6.211525823470142,608.04,5.784116181405758,606.09,6.173500717673173,0.0029523347290316485,3.828126596804459e-05,0.11645194760485796,0.0017464691581147878,86.368,0.6070291957100937,0.9966666666666667,0.0011712139482105068,62.8,2.6161889160464775,71.9,2.0248456731316584,25.59166666666667,1.3661753859534964,73.65,2.041921752772237,0,0.0,0.0,0.0,5.2,2.250925735484551
switch,greedy_hard_cap,10,433.3349258887158,1.0076269777469333,608.04,0.9033271832508962,496.04,1.3192590513028224,0.002671493576705074,3.305309674681264e-05,0.017402617707503096,0.0023428077226266167,62.684999999999995,0.40072850327039694,0.9027777777777778,0.0014640174352631334,44.1,1.5238839267549948,66.8,3.2591750830880843,17.883333333333333,0.3561626761072136,48.1,1.07496769977314,0,0.0,0.0,0.0,0,0.0
switch,no_control_interpretation,10,521.653992249835,0.9100803802485146,608.04,0.9033271832508962,608.04,0.9033271832508962,0.0029616899685224562,3.9161155119561036e-05,0.09304606019648756,0.005935236870350895,86.28999999999999,0.30713731999438415,1.0,0.0,62,2.494438257849294,79.4,1.8973665961010275,10.379166666666666,0.39599168372611915,48.1,1.2202003478482084,0,0.0,0.0,0.0,74.2,2.043961295567452
switch,no_pre_new_only,10,105.12542565481229,1.0230439052989135,608.04,0.9033271832508962,123.64,1.10674698503718,0.0010477650816366722,2.7533334610441032e-05,0.06052658010607298,0.0029580655225359084,18.453,0.0830060238777881,0.35430555555555554,0.0038428714758235506,156.9,3.0713731999438516,255.1,2.766867462592951,0.0,0.0,9.9,0.21081851067789195,0,0.0,0.0,0.0,0,0.0
switch,pd_dev_selected,10,469.0517661973161,4.904560772919803,608.04,0.9033271832508962,544.55,5.779898115211232,0.0027739386110449005,4.1848653754267074e-05,0.09145986407284967,0.005787536843282265,75.404,0.9609971672984013,0.9427777777777777,0.005430695666153751,54.4,2.716206504995115,67.3,1.8287822299126937,20.941666666666666,1.0715527558837112,66.4,2.2085691697969927,0,0.0,0.0,0.0,34.8,3.7058512292499457
switch,pd_history,10,466.0564104196934,5.269814015179374,608.04,0.9033271832508962,545.18,5.767302469766765,0.0027776921347235717,4.108266555502212e-05,0.08481188817185625,0.005841663831068265,79.036,0.5641749137752715,0.9440277777777778,0.005440553535341681,61.9,2.378141197564929,79.2,1.8135294011647258,10.3625,0.39774150207029646,48.0,1.1785113019775793,0,0.0,0.0,0.0,34.1,3.6040101122068027
switch,pd_theta_16,10,469.0517661973161,4.904560772919803,608.04,0.9033271832508962,544.55,5.779898115211232,0.0027739386110449005,4.1848653754267074e-05,0.09145986407284967,0.005787536843282265,75.404,0.9609971672984013,0.9427777777777777,0.005430695666153751,54.4,2.716206504995115,67.3,1.8287822299126937,20.941666666666666,1.0715527558837112,66.4,2.2085691697969927,0,0.0,0.0,0.0,34.8,3.7058512292499457
switch,pd_theta_2,10,466.0564104196934,5.269814015179374,608.04,0.9033271832508962,545.18,5.767302469766765,0.0027776921347235717,4.108266555502212e-05,0.08481188817185625,0.005841663831068265,79.036,0.5641749137752715,0.9440277777777778,0.005440553535341681,61.9,2.378141197564929,79.2,1.8135294011647258,10.3625,0.39774150207029646,48.0,1.1785113019775793,0,0.0,0.0,0.0,34.1,3.6040101122068027
switch,pd_theta_4,10,467.05092935920726,4.9405780923845635,608.04,0.9033271832508962,545.25,5.668480101990906,0.002778260726612524,4.091295317515274e-05,0.08729238006616286,0.00596884197074659,78.109,0.8003950413528462,0.9441666666666666,0.00527046276694728,57.3,2.406010991015812,71.3,2.1628170930011112,14.4,0.6784832394192503,53.9,1.9550504398153574,0,0.0,0.0,0.0,34.1,3.2472210341220142
switch,pd_theta_8,10,468.67205139152423,4.920936603946494,608.04,0.9033271832508962,544.55,5.779898115211232,0.0027739386110449005,4.1848653754267074e-05,0.09117466986475611,0.005300342620322841,75.78399999999999,0.9120940497314696,0.9427777777777777,0.005430695666153751,54.8,2.780887148615228,67.8,1.8135294011647258,19.666666666666668,1.0720566941890506,60.3,2.562550812504343,0,0.0,0.0,0.0,34.8,3.7058512292499457
