seed,scenario,policy,baseline,profit_difference,qualified_ratio_difference,idle_vcpu_difference,resource_violation_slots_difference
101,high_tight,pd_theta_2,pd_theta_16,-1.1472603119781297,0.0,-8.666666666666668,0
101,high_tight,pd_theta_4,pd_theta_16,-0.6987514523020764,0.0,-5.25,0
101,high_tight,pd_theta_8,pd_theta_16,-0.10127385488488017,0.0,-0.75,0
101,high_tight,pd_theta_16,pd_theta_16,0.0,0.0,0.0,0
101,high_tight,pd_history,pd_theta_16,-1.1472603119781297,0.0,-8.666666666666668,0
101,high_tight,no_control_interpretation,pd_theta_16,105.33601243060298,0.10416666666666663,-8.666666666666668,0
101,high_tight,no_pre_new_only,pd_theta_16,-395.35398856723737,-0.39583333333333337,-21.416666666666668,0
101,high_tight,greedy_hard_cap,pd_theta_16,-87.09866879758812,-0.09027777777777779,-5.333333333333336,0
101,high_loose,pd_theta_2,pd_theta_16,0.3538862884836931,0.0,-12.166666666666666,0
101,high_loose,pd_theta_4,pd_theta_16,0.255378302719123,0.0,-7.083333333333332,0
101,high_loose,pd_theta_8,pd_theta_16,-0.15006444222132131,0.0,-0.75,0
101,high_loose,pd_theta_16,pd_theta_16,0.0,0.0,0.0,0
101,high_loose,pd_history,pd_theta_16,0.3538862884836931,0.0,-12.166666666666666,0
101,high_loose,no_control_interpretation,pd_theta_16,0.3538862884836931,0.0,-12.166666666666666,0
101,high_loose,no_pre_new_only,pd_theta_16,-332.4371159606576,-0.7888888888888889,-21.958333333333332,0
101,high_loose,greedy_hard_cap,pd_theta_16,12.5337487263875,0.0,-4.583333333333332,0
101,random,pd_theta_2,pd_theta_16,-3.8968981174139117,-0.00694444444444442,-16.208333333333336,0
101,random,pd_theta_4,pd_theta_16,-2.1086179442049797,-0.004166666666666652,-9.041666666666668,0
101,random,pd_theta_8,pd_theta_16,-0.000616567274278168,0.0,-0.875,0
101,random,pd_theta_16,pd_theta_16,0.0,0.0,0.0,0
101,random,pd_history,pd_theta_16,-3.8968981174139117,-0.00694444444444442,-16.208333333333336,0
101,random,no_control_interpretation,pd_theta_16,-0.25902248691136265,0.002777777777777768,-15.875,0
101,random,no_pre_new_only,pd_theta_16,-405.3422483331848,-0.6388888888888888,-29.375,0
101,random,greedy_hard_cap,pd_theta_16,1.0290424674267342,-0.008333333333333304,-10.166666666666668,0
101,switch,pd_theta_2,pd_theta_16,-1.1101191397394246,0.002777777777777768,-9.375,0
101,switch,pd_theta_4,pd_theta_16,-0.6597509690485026,0.002777777777777768,-5.958333333333334,0
101,switch,pd_theta_8,pd_theta_16,-0.19968356282555533,0.0,-1.125,0
101,switch,pd_theta_16,pd_theta_16,0.0,0.0,0.0,0
101,switch,pd_history,pd_theta_16,-1.1101191397394246,0.002777777777777768,-9.375,0
101,switch,no_control_interpretation,pd_theta_16,46.262684914551926,0.050000000000000044,-9.375,0
101,switch,no_pre_new_only,pd_theta_16,-371.02039396481064,-0.5972222222222221,-19.5,0
101,switch,greedy_hard_cap,pd_theta_16,-41.340048750544724,-0.04583333333333328,-1.5416666666666679,0
102,high_tight,pd_theta_2,pd_theta_16,-1.3977379543536017,0.0,-8.625000000000002,0
102,high_tight,pd_theta_4,pd_theta_16,-0.44954466080650946,0.0,-4.75,0
102,high_tight,pd_theta_8,pd_theta_16,-0.0499982184522878,0.0,-0.9166666666666679,0
102,high_tight,pd_theta_16,pd_theta_16,0.0,0.0,0.0,0
102,high_tight,pd_history,pd_theta_16,-1.3977379543536017,0.0,-8.625000000000002,0
102,high_tight,no_control_interpretation,pd_theta_16,109.34551361780393,0.10833333333333328,-8.625000000000002,0
102,high_tight,no_pre_new_only,pd_theta_16,-391.11866150142686,-0.39583333333333337,-21.291666666666668,0
102,high_tight,greedy_hard_cap,pd_theta_16,-89.88602044896345,-0.09305555555555556,-4.875,0
102,high_loose,pd_theta_2,pd_theta_16,-0.3273226227000805,-0.002777777777777768,-9.416666666666666,0
102,high_loose,pd_theta_4,pd_theta_16,0.15241813057139098,0.0,-5.25,0
102,high_loose,pd_theta_8,pd_theta_16,-0.1498241422507931,0.0,-0.5,0
102,high_loose,pd_theta_16,pd_theta_16,0.0,0.0,0.0,0
102,high_loose,pd_history,pd_theta_16,-0.3273226227000805,-0.002777777777777768,-9.416666666666666,0
102,high_loose,no_control_interpretation,pd_theta_16,1.2314458636313361,0.001388888888888884,-9.166666666666666,0
102,high_loose,no_pre_new_only,pd_theta_16,-329.5266883437579,-0.7847222222222222,-18.0,0
102,high_loose,greedy_hard_cap,pd_theta_16,14.55328944782002,0.001388888888888884,-0.41666666666666785,0
102,random,pd_theta_2,pd_theta_16,-5.917328328514714,-0.001388888888888884,-13.125,0
102,random,pd_theta_4,pd_theta_16,-1.9499323404961615,0.0,-7.041666666666668,0
102,random,pd_theta_8,pd_theta_16,-0.15085642869655658,0.0,-0.6666666666666679,0
102,random,pd_theta_16,pd_theta_16,0.0,0.0,0.0,0
102,random,pd_history,pd_theta_16,-5.917328328514714,-0.001388888888888884,-13.125,0
102,random,no_control_interpretation,pd_theta_16,-1.1378694421952105,0.004166666666666652,-13.125,0
102,random,no_pre_new_only,pd_theta_16,-413.8895940296338,-0.6069444444444445,-25.0,0
102,random,greedy_hard_cap,pd_theta_16,-12.13142494548822,-0.019444444444444486,-6.541666666666668,0
102,switch,pd_theta_2,pd_theta_16,-3.2729514849324914,0.001388888888888884,-10.625,0
102,switch,pd_theta_4,pd_theta_16,-2.2320276403052617,0.001388888888888884,-6.875,0
102,switch,pd_theta_8,pd_theta_16,-0.6006429221041003,0.0,-1.5,0
102,switch,pd_theta_16,pd_theta_16,0.0,0.0,0.0,0
102,switch,pd_history,pd_theta_16,-3.2729514849324914,0.001388888888888884,-10.625,0
102,switch,no_control_interpretation,pd_theta_16,49.53658704955302,0.05833333333333335,-10.458333333333334,0
102,switch,no_pre_new_only,pd_theta_16,-366.57571479403356,-0.5902777777777778,-20.875,0
102,switch,greedy_hard_cap,pd_theta_16,-37.27250012152547,-0.03749999999999998,-3.041666666666668,0
103,high_tight,pd_theta_2,pd_theta_16,-1.548803458198904,0.0,-9.208333333333334,0
103,high_tight,pd_theta_4,pd_theta_16,-0.39542861315010214,0.0,-4.833333333333332,0
103,high_tight,pd_theta_8,pd_theta_16,-0.04961791372022617,0.0,-0.9583333333333321,0
103,high_tight,pd_theta_16,pd_theta_16,0.0,0.0,0.0,0
103,high_tight,pd_history,pd_theta_16,-1.548803458198904,0.0,-9.208333333333334,0
103,high_tight,no_control_interpretation,pd_theta_16,107.77347565630703,0.1069444444444444,-9.208333333333334,0
103,high_tight,no_pre_new_only,pd_theta_16,-389.78850600784335,-0.38750000000000007,-21.5,0
103,high_tight,greedy_hard_cap,pd_theta_16,-85.4683969309956,-0.0888888888888889,-5.041666666666668,0
103,high_loose,pd_theta_2,pd_theta_16,-0.19260348067132327,0.0,-12.083333333333332,0
103,high_loose,pd_theta_4,pd_theta_16,0.5494242683550397,0.0,-7.083333333333332,0
103,high_loose,pd_theta_8,pd_theta_16,0.15113758260264376,0.0,-1.0,0
103,high_loose,pd_theta_16,pd_theta_16,0.0,0.0,0.0,0
103,high_loose,pd_history,pd_theta_16,-0.19260348067132327,0.0,-12.083333333333332,0
103,high_loose,no_control_interpretation,pd_theta_16,1.3668051737943188,0.004166666666666652,-12.083333333333332,0
103,high_loose,no_pre_new_only,pd_theta_16,-329.69734819229933,-0.7819444444444444,-21.833333333333332,0
103,high_loose,greedy_hard_cap,pd_theta_16,13.633284149859321,0.004166666666666652,-4.291666666666664,0
103,random,pd_theta_2,pd_theta_16,-2.869421383785948,-0.001388888888888884,-13.750000000000002,0
103,random,pd_theta_4,pd_theta_16,-0.9951972769196118,0.0,-6.333333333333336,0
103,random,pd_theta_8,pd_theta_16,-0.0995070249565515,0.0,-0.41666666666666785,0
103,random,pd_theta_16,pd_theta_16,0.0,0.0,0.0,0
103,random,pd_history,pd_theta_16,-2.869421383785948,-0.001388888888888884,-13.750000000000002,0
103,random,no_control_interpretation,pd_theta_16,-1.3098680892471748,0.002777777777777768,-13.666666666666668,0
103,random,no_pre_new_only,pd_theta_16,-400.9979034306084,-0.6180555555555556,-26.166666666666668,0
103,random,greedy_hard_cap,pd_theta_16,-0.8426930508796886,-0.009722222222222188,-7.208333333333336,0
103,switch,pd_theta_2,pd_theta_16,-3.122007843763754,0.001388888888888884,-10.458333333333332,0
103,switch,pd_theta_4,pd_theta_16,-2.1681230379820136,0.001388888888888884,-5.666666666666666,0
103,switch,pd_theta_8,pd_theta_16,-0.397542901354484,0.0,-1.125,0
103,switch,pd_theta_16,pd_theta_16,0.0,0.0,0.0,0
103,switch,pd_history,pd_theta_16,-3.122007843763754,0.001388888888888884,-10.458333333333332,0
103,switch,no_control_interpretation,pd_theta_16,58.44837537513098,0.0625,-10.458333333333332,0
103,switch,no_pre_new_only,pd_theta_16,-355.62591870457993,-0.5763888888888888,-20.208333333333332,0
103,switch,greedy_hard_cap,pd_theta_16,-31.86391164036263,-0.03749999999999998,-2.083333333333332,0
104,high_tight,pd_theta_2,pd_theta_16,-1.796041118285757,0.0,-9.624999999999998,0
104,high_tight,pd_theta_4,pd_theta_16,-0.8009878523629368,0.0,-5.083333333333332,0
104,high_tight,pd_theta_8,pd_theta_16,-0.09975045456826592,0.0,-0.7083333333333321,0
104,high_tight,pd_theta_16,pd_theta_16,0.0,0.0,0.0,0
104,high_tight,pd_history,pd_theta_16,-1.796041118285757,0.0,-9.624999999999998,0
104,high_tight,no_control_interpretation,pd_theta_16,107.53080300997283,0.1069444444444444,-9.624999999999998,0
104,high_tight,no_pre_new_only,pd_theta_16,-395.70915215879666,-0.4,-22.208333333333332,0
104,high_tight,greedy_hard_cap,pd_theta_16,-88.80641433328793,-0.09166666666666667,-5.583333333333332,0
104,high_loose,pd_theta_2,pd_theta_16,0.7525850236317524,0.0,-10.833333333333334,0
104,high_loose,pd_theta_4,pd_theta_16,0.4426364308916959,0.0,-6.083333333333334,0
104,high_loose,pd_theta_8,pd_theta_16,0.14914272615197888,0.0,-0.75,0
104,high_loose,pd_theta_16,pd_theta_16,0.0,0.0,0.0,0
104,high_loose,pd_history,pd_theta_16,0.7525850236317524,0.0,-10.833333333333334,0
104,high_loose,no_control_interpretation,pd_theta_16,0.7525850236317524,0.0,-10.833333333333334,0
104,high_loose,no_pre_new_only,pd_theta_16,-333.03480846378994,-0.7916666666666666,-20.25,0
104,high_loose,greedy_hard_cap,pd_theta_16,11.519958189453405,0.0,-4.166666666666668,0
104,random,pd_theta_2,pd_theta_16,-2.0160839556918972,-0.001388888888888884,-15.166666666666668,0
104,random,pd_theta_4,pd_theta_16,-0.9482066230970077,0.0,-8.333333333333336,0
104,random,pd_theta_8,pd_theta_16,-0.40281886165234937,0.0,-1.5416666666666679,0
104,random,pd_theta_16,pd_theta_16,0.0,0.0,0.0,0
104,random,pd_history,pd_theta_16,-2.0160839556918972,-0.001388888888888884,-15.166666666666668,0
104,random,no_control_interpretation,pd_theta_16,-1.074404501366189,0.001388888888888884,-14.833333333333334,0
104,random,no_pre_new_only,pd_theta_16,-411.35302999187354,-0.6083333333333334,-27.291666666666668,0
104,random,greedy_hard_cap,pd_theta_16,3.747431945728408,-0.00694444444444442,-8.041666666666668,0
104,switch,pd_theta_2,pd_theta_16,-3.546118450685981,0.0,-10.874999999999998,0
104,switch,pd_theta_4,pd_theta_16,-2.799689790902562,0.0,-6.833333333333332,0
104,switch,pd_theta_8,pd_theta_16,-0.350253377140632,0.0,-1.2916666666666643,0
104,switch,pd_theta_16,pd_theta_16,0.0,0.0,0.0,0
104,switch,pd_history,pd_theta_16,-3.546118450685981,0.0,-10.874999999999998,0
104,switch,no_control_interpretation,pd_theta_16,55.3259638148935,0.061111111111111116,-10.874999999999998,0
104,switch,no_pre_new_only,pd_theta_16,-363.32383458900955,-0.5875,-20.958333333333332,0
104,switch,greedy_hard_cap,pd_theta_16,-34.563993385258414,-0.03749999999999998,-3.375,0
105,high_tight,pd_theta_2,pd_theta_16,-0.9438549596326311,0.0,-8.875000000000002,0
105,high_tight,pd_theta_4,pd_theta_16,-0.3956718703814204,0.0,-4.875,0
105,high_tight,pd_theta_8,pd_theta_16,0.049568663804166135,0.0,-0.6666666666666679,0
105,high_tight,pd_theta_16,pd_theta_16,0.0,0.0,0.0,0
105,high_tight,pd_history,pd_theta_16,-0.9438549596326311,0.0,-8.875000000000002,0
105,high_tight,no_control_interpretation,pd_theta_16,116.89701123407599,0.11527777777777781,-8.875000000000002,0
105,high_tight,no_pre_new_only,pd_theta_16,-385.147873531628,-0.3847222222222222,-22.166666666666668,0
105,high_tight,greedy_hard_cap,pd_theta_16,-78.67538708849918,-0.08194444444444438,-6.125,0
105,high_loose,pd_theta_2,pd_theta_16,0.7008897261918605,0.0,-11.249999999999998,0
105,high_loose,pd_theta_4,pd_theta_16,0.5522487181306701,0.0,-5.916666666666666,0
105,high_loose,pd_theta_8,pd_theta_16,0.15090658427538983,0.0,-0.9166666666666643,0
105,high_loose,pd_theta_16,pd_theta_16,0.0,0.0,0.0,0
105,high_loose,pd_history,pd_theta_16,0.7008897261918605,0.0,-11.249999999999998,0
105,high_loose,no_control_interpretation,pd_theta_16,1.2205622270036542,0.001388888888888884,-11.249999999999998,0
105,high_loose,no_pre_new_only,pd_theta_16,-331.65982406355363,-0.7902777777777777,-21.083333333333332,0
105,high_loose,greedy_hard_cap,pd_theta_16,12.492323211784083,0.001388888888888884,-4.25,0
105,random,pd_theta_2,pd_theta_16,-2.7895685529254024,-0.002777777777777768,-13.958333333333334,0
105,random,pd_theta_4,pd_theta_16,-1.201163429426174,0.0,-6.833333333333332,0
105,random,pd_theta_8,pd_theta_16,-0.20078189771606958,0.0,-1.0416666666666679,0
105,random,pd_theta_16,pd_theta_16,0.0,0.0,0.0,0
105,random,pd_history,pd_theta_16,-2.7895685529254024,-0.002777777777777768,-13.958333333333334,0
105,random,no_control_interpretation,pd_theta_16,0.18958471885446215,0.002777777777777768,-14.041666666666666,0
105,random,no_pre_new_only,pd_theta_16,-406.2382956898302,-0.6138888888888889,-26.5,0
105,random,greedy_hard_cap,pd_theta_16,4.716038459817469,-0.005555555555555536,-6.958333333333332,0
105,switch,pd_theta_2,pd_theta_16,-3.8418089596925142,0.0,-12.625000000000002,0
105,switch,pd_theta_4,pd_theta_16,-2.341949936902779,0.0,-7.916666666666668,0
105,switch,pd_theta_8,pd_theta_16,-0.3972811598681574,0.0,-1.1666666666666679,0
105,switch,pd_theta_16,pd_theta_16,0.0,0.0,0.0,0
105,switch,pd_history,pd_theta_16,-3.8418089596925142,0.0,-12.625000000000002,0
105,switch,no_control_interpretation,pd_theta_16,54.369543462370416,0.056944444444444464,-12.625000000000002,0
105,switch,no_pre_new_only,pd_theta_16,-363.22203034597584,-0.5874999999999999,-23.041666666666668,0
105,switch,greedy_hard_cap,pd_theta_16,-35.220249924740585,-0.04166666666666663,-5.25,0
106,high_tight,pd_theta_2,pd_theta_16,-1.5459070506244643,0.0,-9.124999999999998,0
106,high_tight,pd_theta_4,pd_theta_16,-0.59658391084713,0.0,-5.041666666666664,0
106,high_tight,pd_theta_8,pd_theta_16,-0.15304287248454784,0.0,-0.9166666666666643,0
106,high_tight,pd_theta_16,pd_theta_16,0.0,0.0,0.0,0
106,high_tight,pd_history,pd_theta_16,-1.5459070506244643,0.0,-9.124999999999998,0
106,high_tight,no_control_interpretation,pd_theta_16,103.51506233816531,0.10277777777777775,-9.124999999999998,0
106,high_tight,no_pre_new_only,pd_theta_16,-395.82382704434815,-0.39722222222222225,-21.833333333333332,0
106,high_tight,greedy_hard_cap,pd_theta_16,-91.45043853396959,-0.09444444444444444,-5.625,0
106,high_loose,pd_theta_2,pd_theta_16,1.6573543503368455,0.0,-11.25,0
106,high_loose,pd_theta_4,pd_theta_16,1.051738962639945,0.0,-6.25,0
106,high_loose,pd_theta_8,pd_theta_16,0.0004168753254703006,0.0,-1.0,0
106,high_loose,pd_theta_16,pd_theta_16,0.0,0.0,0.0,0
106,high_loose,pd_history,pd_theta_16,1.6573543503368455,0.0,-11.25,0
106,high_loose,no_control_interpretation,pd_theta_16,1.6573543503368455,0.0,-11.25,0
106,high_loose,no_pre_new_only,pd_theta_16,-330.0411855600671,-0.7861111111111111,-20.25,0
106,high_loose,greedy_hard_cap,pd_theta_16,13.83502923057415,0.0,-3.75,0
106,random,pd_theta_2,pd_theta_16,-2.6134268178827824,-0.001388888888888884,-14.208333333333332,0
106,random,pd_theta_4,pd_theta_16,-0.8000250330675271,0.0,-7.833333333333332,0
106,random,pd_theta_8,pd_theta_16,-0.1496423857170157,0.0,-0.9166666666666643,0
106,random,pd_theta_16,pd_theta_16,0.0,0.0,0.0,0
106,random,pd_history,pd_theta_16,-2.6134268178827824,-0.001388888888888884,-14.208333333333332,0
106,random,no_control_interpretation,pd_theta_16,-0.5379882709241883,0.004166666666666652,-14.291666666666666,0
106,random,no_pre_new_only,pd_theta_16,-403.16486856681144,-0.6125,-26.708333333333332,0
106,random,greedy_hard_cap,pd_theta_16,1.803949174188574,-0.00694444444444442,-7.833333333333332,0
106,switch,pd_theta_2,pd_theta_16,-2.2791124852306552,0.001388888888888884,-9.708333333333334,0
106,switch,pd_theta_4,pd_theta_16,-1.8327562795179801,0.001388888888888884,-5.958333333333334,0
106,switch,pd_theta_8,pd_theta_16,-0.30019812448017547,0.0,-1.5,0
106,switch,pd_theta_16,pd_theta_16,0.0,0.0,0.0,0
106,switch,pd_history,pd_theta_16,-2.2791124852306552,0.001388888888888884,-9.708333333333334,0
106,switch,no_control_interpretation,pd_theta_16,48.453070181234295,0.05277777777777781,-9.708333333333334,0
106,switch,no_pre_new_only,pd_theta_16,-367.4177061188257,-0.5902777777777777,-19.75,0
106,switch,greedy_hard_cap,pd_theta_16,-39.77128257527352,-0.0444444444444444,-2.041666666666668,0
107,high_tight,pd_theta_2,pd_theta_16,-1.2459157116401798,0.0,-8.999999999999998,0
107,high_tight,pd_theta_4,pd_theta_16,-0.9984747022673446,0.0,-5.833333333333332,0
107,high_tight,pd_theta_8,pd_theta_16,-0.09758953304162787,0.0,-1.0833333333333321,0
107,high_tight,pd_theta_16,pd_theta_16,0.0,0.0,0.0,0
107,high_tight,pd_history,pd_theta_16,-1.2459157116401798,0.0,-8.999999999999998,0
107,high_tight,no_control_interpretation,pd_theta_16,123.69438936442799,0.12222222222222223,-8.999999999999998,0
107,high_tight,no_pre_new_only,pd_theta_16,-377.6080027478813,-0.37916666666666665,-22.458333333333332,0
107,high_tight,greedy_hard_cap,pd_theta_16,-71.81233162268188,-0.07499999999999996,-6.208333333333332,0
107,high_loose,pd_theta_2,pd_theta_16,0.30438513388361343,0.0,-10.416666666666668,0
107,high_loose,pd_theta_4,pd_theta_16,0.049083675670885896,0.0,-5.833333333333334,0
107,high_loose,pd_theta_8,pd_theta_16,0.00026398805113103663,0.0,-0.5833333333333357,0
107,high_loose,pd_theta_16,pd_theta_16,0.0,0.0,0.0,0
107,high_loose,pd_history,pd_theta_16,0.30438513388361343,0.0,-10.416666666666668,0
107,high_loose,no_control_interpretation,pd_theta_16,0.30438513388361343,0.0,-10.416666666666668,0
107,high_loose,no_pre_new_only,pd_theta_16,-331.3929743263396,-0.7888888888888889,-20.416666666666668,0
107,high_loose,greedy_hard_cap,pd_theta_16,14.020853441900897,0.0,-1.3333333333333357,0
107,random,pd_theta_2,pd_theta_16,-3.4837713829309678,-0.002777777777777768,-13.958333333333332,0
107,random,pd_theta_4,pd_theta_16,-1.1992689536996295,0.0,-7.666666666666664,0
107,random,pd_theta_8,pd_theta_16,-0.1496736351933805,0.0,-0.75,0
107,random,pd_theta_16,pd_theta_16,0.0,0.0,0.0,0
107,random,pd_history,pd_theta_16,-3.4837713829309678,-0.002777777777777768,-13.958333333333332,0
107,random,no_control_interpretation,pd_theta_16,-1.4048198361392679,0.002777777777777768,-13.958333333333332,0
107,random,no_pre_new_only,pd_theta_16,-404.26569051737323,-0.6125,-26.708333333333332,0
107,random,greedy_hard_cap,pd_theta_16,-3.029753984316244,-0.012499999999999956,-6.625,0
107,switch,pd_theta_2,pd_theta_16,-3.7165989430354784,0.001388888888888884,-11.333333333333334,0
107,switch,pd_theta_4,pd_theta_16,-1.7515847069748816,0.002777777777777768,-6.5,0
107,switch,pd_theta_8,pd_theta_16,-0.6477743824841014,0.0,-1.6666666666666679,0
107,switch,pd_theta_16,pd_theta_16,0.0,0.0,0.0,0
107,switch,pd_history,pd_theta_16,-3.7165989430354784,0.001388888888888884,-11.333333333333334,0
107,switch,no_control_interpretation,pd_theta_16,58.375500985185795,0.06388888888888888,-11.333333333333334,0
107,switch,no_pre_new_only,pd_theta_16,-358.35787182763937,-0.5833333333333333,-22.125,0
107,switch,greedy_hard_cap,pd_theta_16,-29.949899737046962,-0.033333333333333326,-3.375,0
108,high_tight,pd_theta_2,pd_theta_16,-2.1924610708827004,0.0,-8.999999999999998,0
108,high_tight,pd_theta_4,pd_theta_16,-0.8934172999522616,0.0,-4.916666666666664,0
108,high_tight,pd_theta_8,pd_theta_16,-0.10089950828319161,0.0,-0.7916666666666643,0
108,high_tight,pd_theta_16,pd_theta_16,0.0,0.0,0.0,0
108,high_tight,pd_history,pd_theta_16,-2.1924610708827004,0.0,-8.999999999999998,0
108,high_tight,no_control_interpretation,pd_theta_16,100.02865390366708,0.09999999999999998,-8.999999999999998,0
108,high_tight,no_pre_new_only,pd_theta_16,-400.63786298291797,-0.40555555555555556,-21.458333333333332,0
108,high_tight,greedy_hard_cap,pd_theta_16,-90.52264128690672,-0.09305555555555556,-4.875,0
108,high_loose,pd_theta_2,pd_theta_16,0.3019227452606401,0.0,-11.0,0
108,high_loose,pd_theta_4,pd_theta_16,0.05020568803013248,0.0,-5.416666666666666,0
108,high_loose,pd_theta_8,pd_theta_16,-0.15276367234190502,0.0,-0.5833333333333321,0
108,high_loose,pd_theta_16,pd_theta_16,0.0,0.0,0.0,0
108,high_loose,pd_history,pd_theta_16,0.3019227452606401,0.0,-11.0,0
108,high_loose,no_control_interpretation,pd_theta_16,0.8212551734943077,0.001388888888888884,-11.0,0
108,high_loose,no_pre_new_only,pd_theta_16,-330.38178185393815,-0.7847222222222222,-20.875,0
108,high_loose,greedy_hard_cap,pd_theta_16,13.296327718995428,0.001388888888888884,-2.291666666666668,0
108,random,pd_theta_2,pd_theta_16,-3.3762691543952315,-0.005555555555555536,-14.333333333333334,0
108,random,pd_theta_4,pd_theta_16,-1.0438918358897809,0.0,-8.541666666666668,0
108,random,pd_theta_8,pd_theta_16,-0.0023227492242767767,0.0,-0.8333333333333321,0
108,random,pd_theta_16,pd_theta_16,0.0,0.0,0.0,0
108,random,pd_history,pd_theta_16,-3.3762691543952315,-0.005555555555555536,-14.333333333333334,0
108,random,no_control_interpretation,pd_theta_16,2.732777198637109,0.005555555555555536,-13.833333333333334,0
108,random,no_pre_new_only,pd_theta_16,-397.284106167038,-0.6208333333333333,-27.25,0
108,random,greedy_hard_cap,pd_theta_16,9.90003217106073,0.0,-7.541666666666668,0
108,switch,pd_theta_2,pd_theta_16,-3.695424256345291,0.0,-9.583333333333334,0
108,switch,pd_theta_4,pd_theta_16,-2.9472275686320586,0.0,-6.541666666666666,0
108,switch,pd_theta_8,pd_theta_16,-0.4998432419658343,0.0,-1.1666666666666679,0
108,switch,pd_theta_16,pd_theta_16,0.0,0.0,0.0,0
108,switch,pd_history,pd_theta_16,-3.695424256345291,0.0,-9.583333333333334,0
108,switch,no_control_interpretation,pd_theta_16,45.994519041315016,0.04861111111111116,-9.583333333333334,0
108,switch,no_pre_new_only,pd_theta_16,-370.4022887121444,-0.6,-20.625,0
108,switch,greedy_hard_cap,pd_theta_16,-41.20165054516923,-0.047222222222222165,-2.708333333333332,0
109,high_tight,pd_theta_2,pd_theta_16,-1.7963313907530392,0.0,-9.083333333333334,0
109,high_tight,pd_theta_4,pd_theta_16,-0.6471436710785383,0.0,-4.75,0
109,high_tight,pd_theta_8,pd_theta_16,-0.10202766999577761,0.0,-0.9583333333333321,0
109,high_tight,pd_theta_16,pd_theta_16,0.0,0.0,0.0,0
109,high_tight,pd_history,pd_theta_16,-1.7963313907530392,0.0,-9.083333333333334,0
109,high_tight,no_control_interpretation,pd_theta_16,108.94652803197118,0.10833333333333328,-9.083333333333334,0
109,high_tight,no_pre_new_only,pd_theta_16,-393.29437209953977,-0.39861111111111114,-21.75,0
109,high_tight,greedy_hard_cap,pd_theta_16,-83.17886752085673,-0.08611111111111114,-5.375,0
109,high_loose,pd_theta_2,pd_theta_16,0.8963083327743675,0.0,-9.708333333333332,0
109,high_loose,pd_theta_4,pd_theta_16,0.950618430164468,0.0,-5.124999999999998,0
109,high_loose,pd_theta_8,pd_theta_16,-0.000502832306892742,0.0,-0.6666666666666643,0
109,high_loose,pd_theta_16,pd_theta_16,0.0,0.0,0.0,0
109,high_loose,pd_history,pd_theta_16,0.8963083327743675,0.0,-9.708333333333332,0
109,high_loose,no_control_interpretation,pd_theta_16,1.9357717322751,0.002777777777777768,-9.708333333333332,0
109,high_loose,no_pre_new_only,pd_theta_16,-331.2671334566117,-0.7861111111111111,-18.833333333333332,0
109,high_loose,greedy_hard_cap,pd_theta_16,12.800147024206865,0.002777777777777768,-2.5,0
109,random,pd_theta_2,pd_theta_16,-1.698369300037598,0.0,-12.458333333333332,0
109,random,pd_theta_4,pd_theta_16,-0.6016347568947822,0.0,-6.666666666666664,0
109,random,pd_theta_8,pd_theta_16,-0.19936936647229686,0.0,-0.7916666666666643,0
109,random,pd_theta_16,pd_theta_16,0.0,0.0,0.0,0
109,random,pd_history,pd_theta_16,-1.698369300037598,0.0,-12.458333333333332,0
109,random,no_control_interpretation,pd_theta_16,-0.3876874699677728,0.004166666666666652,-12.458333333333332,0
109,random,no_pre_new_only,pd_theta_16,-400.8296378391372,-0.6236111111111111,-25.333333333333332,0
109,random,greedy_hard_cap,pd_theta_16,0.28378715198073223,-0.008333333333333304,-6.25,0
109,switch,pd_theta_2,pd_theta_16,-3.0217998600663805,0.001388888888888884,-10.416666666666668,0
109,switch,pd_theta_4,pd_theta_16,-2.123826709090622,0.001388888888888884,-6.750000000000002,0
109,switch,pd_theta_8,pd_theta_16,-0.3032275504735935,0.0,-1.1666666666666679,0
109,switch,pd_theta_16,pd_theta_16,0.0,0.0,0.0,0
109,switch,pd_history,pd_theta_16,-3.0217998600663805,0.001388888888888884,-10.416666666666668,0
109,switch,no_control_interpretation,pd_theta_16,51.45105168123223,0.05555555555555558,-10.416666666666668,0
109,switch,no_pre_new_only,pd_theta_16,-366.77990728410373,-0.5944444444444444,-20.791666666666668,0
109,switch,greedy_hard_cap,pd_theta_16,-36.9280852825118,-0.04166666666666663,-3.291666666666668,0
110,high_tight,pd_theta_2,pd_theta_16,-2.042895447704268,0.0,-9.583333333333334,0
110,high_tight,pd_theta_4,pd_theta_16,-0.7491338028733026,0.0,-5.208333333333332,0
110,high_tight,pd_theta_8,pd_theta_16,-0.05089022019797085,0.0,-0.625,0
110,high_tight,pd_theta_16,pd_theta_16,0.0,0.0,0.0,0
110,high_tight,pd_history,pd_theta_16,-2.042895447704268,0.0,-9.583333333333334,0
110,high_tight,no_control_interpretation,pd_theta_16,117.22141268015673,0.1166666666666667,-9.583333333333334,0
110,high_tight,no_pre_new_only,pd_theta_16,-383.51171626524695,-0.38888888888888884,-22.0,0
110,high_tight,greedy_hard_cap,pd_theta_16,-74.81114394795259,-0.07777777777777772,-5.708333333333332,0
110,high_loose,pd_theta_2,pd_theta_16,0.8095760893086208,0.0,-8.916666666666668,0
110,high_loose,pd_theta_4,pd_theta_16,0.30563263582388345,0.0,-4.666666666666668,0
110,high_loose,pd_theta_8,pd_theta_16,0.0002880438195234092,0.0,-0.5,0
110,high_loose,pd_theta_16,pd_theta_16,0.0,0.0,0.0,0
110,high_loose,pd_history,pd_theta_16,0.8095760893086208,0.0,-8.916666666666668,0
110,high_loose,no_control_interpretation,pd_theta_16,1.8492769243493967,0.002777777777777768,-8.916666666666668,0
110,high_loose,no_pre_new_only,pd_theta_16,-329.21311740465535,-0.7833333333333333,-18.666666666666668,0
110,high_loose,greedy_hard_cap,pd_theta_16,14.606590261781662,0.002777777777777768,-1.875,0
110,random,pd_theta_2,pd_theta_16,-1.2138347236815434,-0.001388888888888884,-11.583333333333332,0
110,random,pd_theta_4,pd_theta_16,0.5920097939200559,0.002777777777777768,-5.625,0
110,random,pd_theta_8,pd_theta_16,-0.09979063489060991,0.0,-0.9166666666666643,0
110,random,pd_theta_16,pd_theta_16,0.0,0.0,0.0,0
110,random,pd_history,pd_theta_16,-1.2138347236815434,-0.001388888888888884,-11.583333333333332,0
110,random,no_control_interpretation,pd_theta_16,0.34580925634077175,0.002777777777777768,-11.583333333333332,0
110,random,no_pre_new_only,pd_theta_16,-400.9694680769292,-0.6194444444444445,-24.333333333333332,0
110,random,greedy_hard_cap,pd_theta_16,0.758879309643703,-0.009722222222222188,-5.0,0
110,switch,pd_theta_2,pd_theta_16,-2.3476163527348604,0.002777777777777768,-10.791666666666668,0
110,switch,pd_theta_4,pd_theta_16,-1.151431741731983,0.002777777777777768,-6.416666666666668,0
110,switch,pd_theta_8,pd_theta_16,-0.10070083522231243,0.0,-1.0416666666666679,0
110,switch,pd_theta_16,pd_theta_16,0.0,0.0,0.0,0
110,switch,pd_history,pd_theta_16,-2.3476163527348604,0.002777777777777768,-10.791666666666668,0
110,switch,no_control_interpretation,pd_theta_16,57.804964019721695,0.0625,-10.791666666666668,0
110,switch,no_pre_new_only,pd_theta_16,-356.53773908391537,-0.5777777777777777,-21.541666666666668,0
110,switch,greedy_hard_cap,pd_theta_16,-29.056781123569863,-0.033333333333333326,-3.875,0
