id,slot,source,model,min_accuracy,deadline_ms,data_mb
s0000-r00000,0,edge-0,YOLOv2,0.865,450.0,1.8625669736256947
s0000-r00001,0,edge-1,YOLOv2,0.111,100.0,1.200708017295461
s0000-r00002,0,edge-2,YOLOv2,0.865,450.0,0.821784454606952
s0000-r00003,0,edge-1,R-FCN,0.102,100.0,1.2281953471797264
s0000-r00004,0,edge-1,R-FCN,0.102,100.0,1.9566589270306605
s0000-r00005,0,edge-1,R-FCN,0.817,100.0,0.7899299430966366
s0000-r00006,0,edge-1,R-FCN,0.102,100.0,1.6548379049151538
s0000-r00007,0,edge-0,SSD,0.818,100.0,1.2075233957128
s0000-r00008,0,edge-0,SSD,0.103,450.0,1.4561403780191575
s0000-r00009,0,edge-1,SSD,0.818,100.0,0.8124015561815234
s0000-r00010,0,edge-1,SSD,0.103,100.0,0.9564347179056825
s0000-r00011,0,edge-2,R-FCN,0.817,450.0,1.7350872415108303
s0000-r00012,0,edge-1,YOLOv2,0.111,100.0,1.497186670365235
s0000-r00013,0,edge-1,SSD,0.818,450.0,1.6734607373842412
s0000-r00014,0,edge-1,R-FCN,0.817,450.0,0.6152581580492231
s0000-r00015,0,edge-2,YOLOv2,0.111,450.0,1.1276533492638012
s0000-r00016,0,edge-0,SSD,0.103,450.0,1.3026253554377687
s0000-r00017,0,edge-0,SSD,0.103,450.0,1.0563566539950155
s0000-r00018,0,edge-0,SSD,0.818,100.0,0.8930980439977025
s0000-r00019,0,edge-0,R-FCN,0.102,450.0,1.1476821323578277
s0000-r00020,0,edge-0,SSD,0.103,450.0,1.645410718218521
s0000-r00021,0,edge-2,SSD,0.103,450.0,1.986338198873509
s0000-r00022,0,edge-2,SSD,0.818,100.0,1.3536039383165626
s0000-r00023,0,edge-1,R-FCN,0.817,450.0,1.7657825560409672
s0001-r00000,1,edge-1,YOLOv2,0.865,100.0,1.80236902687688
s0001-r00001,1,edge-2,R-FCN,0.102,100.0,1.2958634795634805
s0001-r00002,1,edge-0,R-FCN,0.102,450.0,0.5989227633773491
s0001-r00003,1,edge-1,YOLOv2,0.111,450.0,1.3012841598626048
s0001-r00004,1,edge-1,YOLOv2,0.865,450.0,1.7578634562033069
s0001-r00005,1,edge-2,R-FCN,0.817,450.0,1.558586768171243
s0001-r00006,1,edge-1,YOLOv2,0.111,100.0,1.6883512583105895
s0001-r00007,1,edge-2,R-FCN,0.817,100.0,0.768248560924931
s0001-r00008,1,edge-2,R-FCN,0.102,100.0,1.899379330416576
s0001-r00009,1,edge-1,YOLOv2,0.865,100.0,1.9626543397781129
s0001-r00010,1,edge-0,R-FCN,0.817,100.0,1.9356852227820354
s0001-r00011,1,edge-1,SSD,0.818,450.0,1.0625271692971072
s0001-r00012,1,edge-2,R-FCN,0.102,450.0,1.3255008722380417
s0001-r00013,1,edge-1,SSD,0.103,100.0,0.5862399957237603
s0001-r00014,1,edge-2,SSD,0.103,450.0,1.7367523982477346
s0001-r00015,1,edge-1,R-FCN,0.102,450.0,1.9058892334332058
s0001-r00016,1,edge-1,SSD,0.818,100.0,0.8066571514120073
s0001-r00017,1,edge-2,R-FCN,0.817,450.0,1.9715470574825187
s0001-r00018,1,edge-0,SSD,0.818,100.0,0.6434374333984596
s0001-r00019,1,edge-0,YOLOv2,0.111,450.0,0.5181667918057498
s0001-r00020,1,edge-1,YOLOv2,0.111,450.0,1.7850767330787296
s0001-r00021,1,edge-2,SSD,0.103,450.0,1.3540625912449293
s0001-r00022,1,edge-0,SSD,0.103,450.0,1.6862734139700943
s0001-r00023,1,edge-2,SSD,0.818,100.0,0.7936594696976663
s0002-r00000,2,edge-2,YOLOv2,0.865,100.0,0.9730439074451651
s0002-r00001,2,edge-0,R-FCN,0.102,100.0,0.9322271348410582
s0002-r00002,2,edge-1,YOLOv2,0.865,100.0,1.8412401758496604
s0002-r00003,2,edge-2,SSD,0.818,450.0,0.5814981022293935
s0002-r00004,2,edge-2,R-FCN,0.817,100.0,0.5994377830939088
s0002-r00005,2,edge-2,R-FCN,0.817,450.0,0.6806676441340207
s0002-r00006,2,edge-0,SSD,0.103,100.0,1.054900005725568
s0002-r00007,2,edge-2,SSD,0.818,450.0,0.8036015258360867
s0002-r00008,2,edge-2,YOLOv2,0.865,450.0,1.7348606478164186
s0002-r00009,2,edge-2,YOLOv2,0.111,450.0,1.4396171184234938
s0002-r00010,2,edge-0,R-FCN,0.102,450.0,1.1875851029065438
s0002-r00011,2,edge-1,YOLOv2,0.111,450.0,0.9503103570182239
s0002-r00012,2,edge-2,SSD,0.103,100.0,0.8833447907945782
s0002-r00013,2,edge-0,SSD,0.103,100.0,1.182352486709084
s0002-r00014,2,edge-0,SSD,0.818,100.0,0.8691160274626407
s0002-r00015,2,edge-1,YOLOv2,0.111,450.0,1.609897709029069
s0002-r00016,2,edge-1,SSD,0.818,450.0,1.4999970240700022
s0002-r00017,2,edge-2,SSD,0.103,450.0,1.5655715935431018
s0002-r00018,2,edge-1,R-FCN,0.102,450.0,1.9621517395626085
s0002-r00019,2,edge-0,YOLOv2,0.865,100.0,0.5198631816933019
s0002-r00020,2,edge-2,SSD,0.103,100.0,0.9112008449067559
s0002-r00021,2,edge-0,YOLOv2,0.111,450.0,1.2310942010634909
s0002-r00022,2,edge-0,YOLOv2,0.111,100.0,0.553407807187477
s0002-r00023,2,edge-2,SSD,0.818,450.0,1.457404517991647
s0003-r00000,3,edge-0,YOLOv2,0.865,100.0,1.9650255436973012
s0003-r00001,3,edge-1,SSD,0.103,100.0,1.2806607640910943
s0003-r00002,3,edge-0,R-FCN,0.102,450.0,1.2043388416651015
s0003-r00003,3,edge-0,SSD,0.818,450.0,0.8977695406197843
s0003-r00004,3,edge-1,R-FCN,0.102,450.0,0.8251652342555829
s0003-r00005,3,edge-0,YOLOv2,0.111,100.0,1.972074418131323
s0003-r00006,3,edge-0,YOLOv2,0.111,100.0,1.476866191156822
s0003-r00007,3,edge-2,R-FCN,0.817,450.0,1.874225425578659
s0003-r00008,3,edge-2,YOLOv2,0.111,450.0,1.8503669037510395
s0003-r00009,3,edge-0,SSD,0.103,450.0,0.5567227302376512
s0003-r00010,3,edge-2,R-FCN,0.817,100.0,1.9128175532293006
s0003-r00011,3,edge-2,YOLOv2,0.865,100.0,1.8204123738421334
s0003-r00012,3,edge-2,R-FCN,0.102,450.0,1.2912552349426258
s0003-r00013,3,edge-1,R-FCN,0.102,100.0,1.8524775869890007
s0003-r00014,3,edge-0,YOLOv2,0.865,450.0,1.3653318098906793
s0003-r00015,3,edge-0,SSD,0.818,100.0,0.6645259310731939
s0003-r00016,3,edge-1,R-FCN,0.102,450.0,1.4170739341979368
s0003-r00017,3,edge-2,YOLOv2,0.111,450.0,1.4037285755348279
s0003-r00018,3,edge-1,SSD,0.103,450.0,1.6308321073715972
s0003-r00019,3,edge-0,YOLOv2,0.865,450.0,0.6746426107909673
s0003-r00020,3,edge-2,YOLOv2,0.865,100.0,0.5927218756028267
s0003-r00021,3,edge-1,R-FCN,0.817,100.0,0.9323372047602403
s0003-r00022,3,edge-2,R-FCN,0.817,100.0,1.7418730935650248
s0003-r00023,3,edge-2,YOLOv2,0.111,450.0,1.0685195380980428
